"AverageShortestPathLength","BetweennessCentrality","ClosenessCentrality","ClusteringCoefficient","Degree","Eccentricity","IsSingleNode","name","NeighborhoodConnectivity","NumberOfDirectedEdges","NumberOfUndirectedEdges","PartnerOfMultiEdgedNodePairs","Radiality","selected","SelfLoops","shared name","Stress","TopologicalCoefficient"
"4.724346076458753","0.0","0.2116695059625213","0.0","1","8","false","v69932","42.0","0","1","0","0.9399299019926007","false","0","v69932","0","0.0"
"3.72635814889336","0.12264127529062605","0.2683585313174946","0.0","42","7","false","Candidatus_Cibiobacter_qucibialis","1.9761904761904763","0","42","0","0.9560264814694619","false","0","Candidatus_Cibiobacter_qucibialis","1524652","0.06972789115646258"
"3.8430583501006037","4.575030623211853E-4","0.2602094240837696","0.0","4","6","false","v02520","37.25","0","4","0","0.9541442201596676","false","0","v02520","17710","0.43154761904761907"
"3.114688128772636","0.09373959700492819","0.3210594315245478","0.0","62","5","false","Roseburia_hominis","5.790322580645161","0","62","0","0.96589212695528","false","0","Roseburia_hominis","1425530","0.1228287841191067"
"3.1951710261569417","0.06208984299708611","0.31297229219143574","0.0","36","5","false","Lachnospiraceae_bacterium_WCA3_601_WT_6H","7.583333333333333","0","36","0","0.9645940157071461","false","0","Lachnospiraceae_bacterium_WCA3_601_WT_6H","1180868","0.18287037037037038"
"3.7303822937625752","0.007344592472867984","0.2680690399137001","0.0","18","7","false","Lachnospira_eligens","6.333333333333333","0","18","0","0.9559615759070552","false","0","Lachnospira_eligens","141426","0.24242424242424243"
"3.4688128772635816","0.026574080808549193","0.2882830626450116","0.0","33","7","false","Lachnospira_sp_NSJ_43","6.484848484848484","0","33","0","0.9601804374634907","false","0","Lachnospira_sp_NSJ_43","428474","0.18282828282828284"
"4.064386317907445","0.0020160112546954265","0.246039603960396","0.0","2","6","false","v04760","29.0","0","2","0","0.9505744142272993","false","0","v04760","11532","0.5283018867924528"
"3.106639839034205","0.18317633107993195","0.3218911917098446","0.0","45","5","false","Ruminococcaceae_unclassified_SGB15265","5.266666666666667","0","45","0","0.9660219380800935","false","0","Ruminococcaceae_unclassified_SGB15265","1955282","0.14222222222222222"
"4.112676056338028","0.03270060298551935","0.24315068493150685","0.0","13","7","false","Roseburia_faecis","2.230769230769231","0","13","0","0.9497955474784189","false","0","Roseburia_faecis","225136","0.11188811188811189"
"3.7142857142857144","0.004771483722949411","0.2692307692307692","0.0","6","6","false","v04892","27.5","0","6","0","0.956221198156682","false","0","v04892","54080","0.2523809523809524"
"3.766599597585513","0.011535229150002801","0.265491452991453","0.0","15","7","false","Clostridiales_unclassified_SGB15145","7.2","0","15","0","0.955377425845395","false","0","Clostridiales_unclassified_SGB15145","200812","0.23846153846153847"
"3.2474849094567406","0.1258776956670542","0.30793060718711274","0.0","58","5","false","Coprococcus_eutactus","5.586206896551724","0","58","0","0.963750243395859","false","0","Coprococcus_eutactus","2125954","0.1239515377446412"
"4.0523138832997985","0.005814535177104629","0.246772591857001","0.0","5","7","false","Clostridiaceae_unclassified_SGB4769","6.2","0","5","0","0.9507691309145194","false","0","Clostridiaceae_unclassified_SGB4769","54012","0.3058823529411765"
"4.012072434607646","0.007025023193096202","0.24924774322968907","0.0","9","7","false","GGB9707_SGB15229","6.111111111111111","0","9","0","0.9514181865385863","false","0","GGB9707_SGB15229","70040","0.26900584795321636"
"4.47887323943662","0.0","0.2232704402515723","0.0","1","6","false","v06597","45.0","0","1","0","0.9438891412994093","false","0","v06597","0","0.0"
"3.4808853118712273","0.08914964385796877","0.28728323699421965","0.0","45","5","false","Roseburia_inulinivorans","3.7333333333333334","0","45","0","0.9599857207762705","false","0","Roseburia_inulinivorans","1171070","0.10933333333333334"
"3.9678068410462775","3.7697690001711645E-4","0.25202839756592293","0.0","4","6","false","v06799","25.75","0","4","0","0.95213214772506","false","0","v06799","13308","0.4194915254237288"
"3.7062374245472838","0.007722055812104349","0.2698154180238871","0.0","16","7","false","Clostridiaceae_bacterium_OM08_6BH","7.5","0","16","0","0.9563510092814954","false","0","Clostridiaceae_bacterium_OM08_6BH","117210","0.25"
"3.51307847082495","0.009719563785659387","0.28465063001145474","0.0","11","6","false","v07210","27.181818181818183","0","11","0","0.959466476277017","false","0","v07210","164586","0.18835840418574232"
"3.710261569416499","0.005788629711326183","0.2695227765726681","0.0","13","7","false","Firmicutes_bacterium_AF16_15","9.23076923076923","0","13","0","0.9562861037190886","false","0","Firmicutes_bacterium_AF16_15","125202","0.2838196286472148"
"3.37625754527163","0.0477763267035216","0.2961859356376639","0.0","45","5","false","GGB9615_SGB15053","6.4","0","45","0","0.9616732653988447","false","0","GGB9615_SGB15053","837698","0.15"
"3.0663983903420524","0.1050832537831855","0.3261154855643045","0.0","62","5","false","GGB3571_SGB4778","6.67741935483871","0","62","0","0.9666709937041604","false","0","GGB3571_SGB4778","1860792","0.13517665130568357"
"3.37625754527163","0.031051563504426314","0.2961859356376639","0.0","25","5","false","Anaerotignum_faecicola","6.72","0","25","0","0.9616732653988447","false","0","Anaerotignum_faecicola","367860","0.1545945945945946"
"3.432595573440644","0.030635179148953102","0.2913247362250879","0.0","11","5","false","Clostridiales_bacterium_KLE1615","7.181818181818182","0","11","0","0.9607645875251509","false","0","Clostridiales_bacterium_KLE1615","271514","0.19941348973607037"
"3.790744466800805","0.013894524532284194","0.2638004246284501","0.0","12","7","false","Clostridium_sp_AF15_49","6.083333333333333","0","12","0","0.9549879924709548","false","0","Clostridium_sp_AF15_49","162604","0.2210144927536232"
"4.064386317907445","0.0","0.246039603960396","0.0","1","6","false","v10911","62.0","0","1","0","0.9505744142272993","false","0","v10911","0","0.0"
"4.788732394366197","0.0","0.2088235294117647","0.0","1","8","false","v14407","12.0","0","1","0","0.9388914129940935","false","0","v14407","0","0.0"
"4.47887323943662","0.0","0.2232704402515723","0.0","1","6","false","v15778","45.0","0","1","0","0.9438891412994093","false","0","v15778","0","0.0"
"3.762575452716298","0.010254486851495832","0.2657754010695187","0.0","4","6","false","v16482","33.75","0","4","0","0.9554423314078017","false","0","v16482","78338","0.33762886597938147"
"3.9879275653923543","0.05696787506467142","0.25075681130171545","0.0","20","7","false","Roseburia_intestinalis","1.85","0","20","0","0.9518076199130265","false","0","Roseburia_intestinalis","392048","0.085"
"3.356136820925553","0.007989394685310824","0.2979616306954437","0.0","7","6","false","v20570","41.57142857142857","0","7","0","0.9619977932108781","false","0","v20570","161948","0.2857142857142857"
"6.181086519114688","0.0","0.16178385416666669","0.0","1","8","false","v22640","8.0","0","1","0","0.9164340884013761","false","0","v22640","0","0.0"
"5.183098591549296","0.02799863698318946","0.19293478260869565","0.0","8","7","false","GGB9730_SGB15291","1.125","0","8","0","0.9325306678782371","false","0","GGB9730_SGB15291","369166","0.125"
"4.245472837022133","0.0","0.23554502369668245","0.0","1","6","false","v27798","58.0","0","1","0","0.9476536639189979","false","0","v27798","0","0.0"
"3.8269617706237424","7.107555746265967E-4","0.26130389064143006","0.0","5","6","false","v42552","33.0","0","5","0","0.9544038424092945","false","0","v42552","23456","0.367816091954023"
"4.064386317907445","0.0020160112546954265","0.246039603960396","0.0","2","6","false","v42631","29.0","0","2","0","0.9505744142272993","false","0","v42631","11532","0.5283018867924528"
"4.7283702213279675","0.0","0.21148936170212768","0.0","1","8","false","v47841","18.0","0","1","0","0.9398649964301942","false","0","v47841","0","0.0"
"3.2032193158953723","0.04704189833971129","0.3121859296482412","0.0","10","6","false","v48224","39.1","0","10","0","0.9644642045823326","false","0","v48224","705816","0.2140449438202247"
"3.7424547283702214","0.03836674130256909","0.2672043010752688","0.0","22","7","false","GGB9614_SGB15049","4.090909090909091","0","22","0","0.9557668592198352","false","0","GGB9614_SGB15049","613782","0.14049586776859505"
"6.181086519114688","0.0","0.16178385416666669","0.0","1","8","false","v49308","8.0","0","1","0","0.9164340884013761","false","0","v49308","0","0.0"
"4.47887323943662","0.0","0.2232704402515723","0.0","1","6","false","v51378","45.0","0","1","0","0.9438891412994093","false","0","v51378","0","0.0"
"4.185110663983903","8.747970555229902E-5","0.2389423076923077","0.0","2","6","false","v53819","45.5","0","2","0","0.9486272473550983","false","0","v53819","1426","0.6357142857142857"
"3.601609657947686","0.010389266428381061","0.2776536312849162","0.0","10","6","false","v56164","25.9","0","10","0","0.9580385539040697","false","0","v56164","188844","0.19606299212598424"
"4.112676056338028","0.0041549407141458555","0.24315068493150685","0.0","5","7","false","Blautia_faecis","8.0","0","5","0","0.9497955474784189","false","0","Blautia_faecis","79604","0.35"
"3.404426559356137","0.03883313179391526","0.2937352245862884","0.0","38","5","false","Clostridium_sp_AF34_10BH","7.184210526315789","0","38","0","0.9612189264619978","false","0","Clostridium_sp_AF34_10BH","818006","0.17178362573099415"
"4.47887323943662","0.0","0.2232704402515723","0.0","1","6","false","v56586","45.0","0","1","0","0.9438891412994093","false","0","v56586","0","0.0"
"4.47887323943662","0.0","0.2232704402515723","0.0","1","6","false","v58513","45.0","0","1","0","0.9438891412994093","false","0","v58513","0","0.0"
"4.21327967806841","0.031738820016875446","0.23734479465138492","0.0","2","6","false","v60480","33.0","0","2","0","0.9481729084182514","false","0","v60480","421840","0.5"
"4.169014084507042","0.0","0.23986486486486489","0.0","1","6","false","v65410","39.0","0","1","0","0.9488868696047251","false","0","v65410","0","0.0"
"3.17102615694165","0.07574569206318706","0.3153553299492386","0.0","39","5","false","Lachnospiraceae_bacterium","4.846153846153846","0","39","0","0.9649834490815863","false","0","Lachnospiraceae_bacterium","798206","0.10121457489878542"
"3.738430583501006","0.0036478254266664443","0.267491926803014","0.0","7","6","false","v69783","33.285714285714285","0","7","0","0.9558317647822419","false","0","v69783","65032","0.26036866359447003"
"4.47887323943662","0.0","0.2232704402515723","0.0","1","6","false","v71481","45.0","0","1","0","0.9438891412994093","false","0","v71481","0","0.0"
"4.704225352112676","0.0","0.2125748502994012","0.0","1","8","false","v71552","16.0","0","1","0","0.9402544298046344","false","0","v71552","0","0.0"
"6.181086519114688","0.0","0.16178385416666669","0.0","1","8","false","v73492","8.0","0","1","0","0.9164340884013761","false","0","v73492","0","0.0"
"3.5653923541247483","0.0039608958404547135","0.28047404063205417","0.0","5","6","false","v73815","48.6","0","5","0","0.9586227039657299","false","0","v73815","80854","0.36335877862595417"
"4.450704225352113","0.006346991947878904","0.22468354430379744","0.0","2","6","false","v04287","24.0","0","2","0","0.9443434802362562","false","0","v04287","58212","0.5"
"5.275653923541247","0.0043114682177726425","0.18954996186117468","0.0","3","7","false","GGB3256_SGB4303","1.6666666666666667","0","3","0","0.931037839942883","false","0","GGB3256_SGB4303","40470","0.3333333333333333"
"4.47887323943662","0.0","0.2232704402515723","0.0","1","6","false","v12378","45.0","0","1","0","0.9438891412994093","false","0","v12378","0","0.0"
"4.47887323943662","0.0","0.2232704402515723","0.0","1","6","false","v35308","45.0","0","1","0","0.9438891412994093","false","0","v35308","0","0.0"
"4.47887323943662","0.0","0.2232704402515723","0.0","1","6","false","v50400","45.0","0","1","0","0.9438891412994093","false","0","v50400","0","0.0"
"4.885311871227364","1.57587795905579E-4","0.20469522240527185","0.0","2","8","false","v57336","12.5","0","2","0","0.9373336794963328","false","0","v57336","1732","0.5476190476190477"
"4.5674044265593565","0.007257878149589905","0.21894273127753303","0.0","5","7","false","Ruminococcaceae_unclassified_SGB4425","2.8","0","5","0","0.942461218926462","false","0","Ruminococcaceae_unclassified_SGB4425","88306","0.2571428571428571"
"4.47887323943662","0.0","0.2232704402515723","0.0","1","6","false","v12655","45.0","0","1","0","0.9438891412994093","false","0","v12655","0","0.0"
"4.47887323943662","0.0","0.2232704402515723","0.0","1","6","false","v34230","45.0","0","1","0","0.9438891412994093","false","0","v34230","0","0.0"
"4.494969818913481","0.0","0.2224709042076992","0.0","1","8","false","v37563","41.0","0","1","0","0.9436295190497825","false","0","v37563","0","0.0"
"3.4969818913480886","0.12175407118516791","0.2859608745684695","0.0","41","7","false","Eubacterium_rectale","2.682926829268293","0","41","0","0.9597260985266438","false","0","Eubacterium_rectale","1513638","0.07317073170731707"
"6.181086519114688","0.0","0.16178385416666669","0.0","1","8","false","v13445","8.0","0","1","0","0.9164340884013761","false","0","v13445","0","0.0"
"5.110663983903421","0.0","0.19566929133858266","0.0","1","8","false","v42443","5.0","0","1","0","0.9336989680015577","false","0","v42443","0","0.0"
"4.985915492957746","0.0","0.20056497175141244","0.0","1","8","false","v63918","20.0","0","1","0","0.9357110404361654","false","0","v63918","0","0.0"
"4.462776659959759","0.004024144869215292","0.22407574391343552","0.0","2","8","false","v04689","17.0","0","2","0","0.9441487635490362","false","0","v04689","51326","0.5"
"5.4607645875251505","0.0","0.18312453942520265","0.0","1","9","false","Clostridium_SGB4751","2.0","0","1","0","0.928052184072175","false","0","Clostridium_SGB4751","0","0.0"
"4.47887323943662","0.0","0.2232704402515723","0.0","1","6","false","v07103","45.0","0","1","0","0.9438891412994093","false","0","v07103","0","0.0"
"1.8","0.0","0.5555555555555556","0.0","1","2","false","v59700","5.0","0","1","0","0.8400000000000001","false","0","v59700","0","0.0"
"1.0","1.0","1.0","0.0","5","1","false","Megamonas_funiformis","1.0","0","5","0","1.0","false","0","Megamonas_funiformis","20","0.0"
"3.3843058350100605","0.005707083335521983","0.29548156956004756","0.0","6","6","false","v06694","43.5","0","6","0","0.9615434542740313","false","0","v06694","127906","0.3125"
"3.9557344064386317","0.007873055129779887","0.2527975584944049","0.0","19","7","false","Lachnospira_pectinoschiza","4.368421052631579","0","19","0","0.9523268644122802","false","0","Lachnospira_pectinoschiza","136110","0.1772853185595568"
"3.227364185110664","0.04787418711393259","0.3098503740648379","0.0","32","5","false","Faecalicatena_fissicatena","7.28125","0","32","0","0.9640747712078925","false","0","Faecalicatena_fissicatena","888990","0.16105769230769232"
"4.619718309859155","3.70955440409205E-4","0.21646341463414634","0.0","2","8","false","v06705","13.0","0","2","0","0.941617446615175","false","0","v06705","2868","0.5454545454545454"
"3.734406438631791","0.03513817079406351","0.2677801724137931","0.0","17","7","false","Fusicatenibacter_saccharivorans","4.294117647058823","0","17","0","0.9558966703446485","false","0","Fusicatenibacter_saccharivorans","441076","0.12200435729847495"
"4.1368209255533195","0.013452051759030572","0.24173151750972766","0.0","9","7","false","GGB3746_SGB5089","6.444444444444445","0","9","0","0.9494061141039787","false","0","GGB3746_SGB5089","370204","0.30246913580246915"
"4.237424547283702","0.0","0.23599240265906934","0.0","1","7","false","v08501","46.0","0","1","0","0.9477834750438112","false","0","v08501","0","0.0"
"3.23943661971831","0.10228029479268175","0.30869565217391304","0.0","46","6","false","Blautia_massiliensis","4.369565217391305","0","46","0","0.9638800545206724","false","0","Blautia_massiliensis","1190290","0.10869565217391304"
"3.9839034205231387","4.006576253141163E-4","0.251010101010101","0.0","3","6","false","v09016","34.0","0","3","0","0.9518725254754332","false","0","v09016","6974","0.4583333333333333"
"3.4969818913480886","0.029903706663093634","0.2859608745684695","0.0","17","6","false","Dorea_longicatena","5.588235294117647","0","17","0","0.9597260985266438","false","0","Dorea_longicatena","421528","0.17647058823529413"
"4.7002012072434605","4.3452668047717056E-5","0.2127568493150685","0.0","2","8","false","v09151","8.5","0","2","0","0.9403193353670409","false","0","v09151","1566","0.5769230769230769"
"4.334004024144869","6.654280553181596E-4","0.23073351903435468","0.0","4","7","false","GGB9632_SGB15089","8.0","0","4","0","0.9462257415460505","false","0","GGB9632_SGB15089","11554","0.5"
"4.494969818913481","0.0","0.2224709042076992","0.0","1","8","false","v09159","41.0","0","1","0","0.9436295190497825","false","0","v09159","0","0.0"
"5.050301810865191","0.0","0.19800796812749005","0.0","1","8","false","v09196","16.0","0","1","0","0.9346725514376582","false","0","v09196","0","0.0"
"4.0523138832997985","0.036028853565119465","0.246772591857001","0.0","16","7","false","Lacrimispora_amygdalina","3.5625","0","16","0","0.9507691309145194","false","0","Lacrimispora_amygdalina","621536","0.1423611111111111"
"4.494969818913481","0.0","0.2224709042076992","0.0","1","8","false","v10427","41.0","0","1","0","0.9436295190497825","false","0","v10427","0","0.0"
"4.494969818913481","0.0","0.2224709042076992","0.0","1","8","false","v10448","41.0","0","1","0","0.9436295190497825","false","0","v10448","0","0.0"
"3.6579476861167004","0.0010204995430499694","0.2733773377337734","0.0","5","6","false","v10538","48.6","0","5","0","0.9571298760303758","false","0","v10538","35980","0.37480314960629924"
"3.601609657947686","0.0034970595367943167","0.2776536312849162","0.0","5","6","false","v11237","43.2","0","5","0","0.9580385539040697","false","0","v11237","79468","0.34590163934426227"
"3.505030181086519","0.03061123199800201","0.28530424799081516","0.0","26","6","false","Blautia_obeum","6.038461538461538","0","26","0","0.9595962874018303","false","0","Blautia_obeum","498390","0.16253101736972705"
"4.104627766599598","0.001540482290556612","0.24362745098039215","0.0","2","7","false","v11267","31.0","0","2","0","0.9499253586032322","false","0","v11267","29268","0.5172413793103449"
"4.494969818913481","0.0","0.2224709042076992","0.0","1","8","false","v11283","41.0","0","1","0","0.9436295190497825","false","0","v11283","0","0.0"
"3.782696177062374","0.004113569756295737","0.2643617021276596","0.0","6","6","false","v11386","36.0","0","6","0","0.9551178035957681","false","0","v11386","72574","0.3017241379310345"
"4.27364185110664","0.004065071813517768","0.2339924670433145","0.0","4","7","false","Ruminococcus_bicirculans","4.75","0","4","0","0.947199324982151","false","0","Ruminococcus_bicirculans","40600","0.4166666666666667"
"4.494969818913481","0.0","0.2224709042076992","0.0","1","8","false","v11648","41.0","0","1","0","0.9436295190497825","false","0","v11648","0","0.0"
"5.014084507042254","0.0","0.199438202247191","0.0","1","8","false","v11708","14.0","0","1","0","0.9352567014993185","false","0","v11708","0","0.0"
"4.016096579476861","0.03147542707758937","0.24899799599198397","0.0","14","7","false","Coprococcus_comes","2.9285714285714284","0","14","0","0.9513532809761797","false","0","Coprococcus_comes","362614","0.1134453781512605"
"5.014084507042254","0.0","0.199438202247191","0.0","1","8","false","v11732","14.0","0","1","0","0.9352567014993185","false","0","v11732","0","0.0"
"3.51307847082495","0.008262562601839791","0.28465063001145474","0.0","9","6","false","v11739","39.666666666666664","0","9","0","0.959466476277017","false","0","v11739","257570","0.2595078299776286"
"4.293762575452717","3.215027892554335E-4","0.23289597000937204","0.0","2","7","false","v11798","29.0","0","2","0","0.9468747971701175","false","0","v11798","3578","0.5283018867924528"
"3.8551307847082494","0.004442745573975956","0.2593945720250522","0.0","5","6","false","v11812","28.6","0","5","0","0.9539495034724476","false","0","v11812","63440","0.2845360824742268"
"4.490945674044266","0.005660048892275741","0.22267025089605735","0.0","8","7","false","Faecalibacterium_SGB15346","3.0","0","8","0","0.9436944246121892","false","0","Faecalibacterium_SGB15346","76550","0.2"
"3.867203219315895","0.0014923236007394526","0.25858480749219565","0.0","3","6","false","v12614","43.333333333333336","0","3","0","0.9537547867852275","false","0","v12614","22694","0.42333333333333334"
"5.014084507042254","0.0","0.199438202247191","0.0","1","8","false","v12627","14.0","0","1","0","0.9352567014993185","false","0","v12627","0","0.0"
"3.5774647887323945","0.002818448511036747","0.2795275590551181","0.0","4","6","false","v13462","53.75","0","4","0","0.9584279872785098","false","0","v13462","63172","0.36379310344827587"
"4.245472837022133","0.0","0.23554502369668245","0.0","1","6","false","v13634","58.0","0","1","0","0.9476536639189979","false","0","v13634","0","0.0"
"4.454728370221328","2.1265753405443421E-4","0.22448057813911473","0.0","2","8","false","v13844","25.5","0","2","0","0.9442785746738496","false","0","v13844","1478","0.5444444444444444"
"4.144869215291751","0.005448717646495989","0.2412621359223301","0.0","10","7","false","Blautia_wexlerae","4.4","0","10","0","0.9492763029791653","false","0","Blautia_wexlerae","95982","0.22666666666666666"
"4.47887323943662","0.0","0.2232704402515723","0.0","1","6","false","v13850","45.0","0","1","0","0.9438891412994093","false","0","v13850","0","0.0"
"3.533199195171026","0.014931066330430447","0.28302961275626426","0.0","4","6","false","v13873","45.5","0","4","0","0.9591419484649834","false","0","v13873","206204","0.31560283687943264"
"3.5251509054325956","0.024793564527958188","0.283675799086758","0.0","20","5","false","Clostridiaceae_bacterium","5.4","0","20","0","0.9592717595897968","false","0","Clostridiaceae_bacterium","227180","0.14193548387096774"
"4.245472837022133","0.0","0.23554502369668245","0.0","1","6","false","v14155","58.0","0","1","0","0.9476536639189979","false","0","v14155","0","0.0"
"3.408450704225352","0.009735688418304382","0.29338842975206614","0.0","7","6","false","v14268","44.0","0","7","0","0.9611540208995911","false","0","v14268","210246","0.2471264367816092"
"5.364185110663984","0.0","0.18642160540135033","0.0","1","8","false","v15120","4.0","0","1","0","0.9296099175699358","false","0","v15120","0","0.0"
"4.366197183098592","0.008117476375709623","0.2290322580645161","0.0","4","7","false","Clostridium_sp_AF27_2AA","3.75","0","4","0","0.9457064970467969","false","0","Clostridium_sp_AF27_2AA","106196","0.275"
"4.494969818913481","0.0","0.2224709042076992","0.0","1","8","false","v15737","41.0","0","1","0","0.9436295190497825","false","0","v15737","0","0.0"
"3.4004024144869214","0.009598233408823209","0.2940828402366864","0.0","9","6","false","v15767","42.77777777777778","0","9","0","0.9612838320244045","false","0","v15767","212554","0.23737373737373738"
"4.494969818913481","0.0","0.2224709042076992","0.0","1","8","false","v15769","41.0","0","1","0","0.9436295190497825","false","0","v15769","0","0.0"
"3.847082494969819","1.9309396646726635E-4","0.25993723849372385","0.0","2","6","false","v19128","50.5","0","2","0","0.954079314597261","false","0","v19128","4880","0.61875"
"3.267605633802817","0.014442764811378565","0.30603448275862066","0.0","12","6","false","v20373","35.666666666666664","0","12","0","0.9634257155838255","false","0","v20373","302366","0.2180293501048218"
"4.402414486921529","0.0","0.22714808043875687","0.0","1","6","false","v21380","38.0","0","1","0","0.9451223469851366","false","0","v21380","0","0.0"
"4.494969818913481","0.0","0.2224709042076992","0.0","1","8","false","v21383","41.0","0","1","0","0.9436295190497825","false","0","v21383","0","0.0"
"4.237424547283702","0.0","0.23599240265906934","0.0","1","7","false","v21977","46.0","0","1","0","0.9477834750438112","false","0","v21977","0","0.0"
"3.215291750503018","0.015490770827007595","0.31101376720901125","0.0","9","6","false","v22592","42.55555555555556","0","9","0","0.9642694878951126","false","0","v22592","272744","0.24020552344251767"
"3.3843058350100605","0.005707083335521983","0.29548156956004756","0.0","6","6","false","v26470","43.5","0","6","0","0.9615434542740313","false","0","v26470","127906","0.3125"
"4.00804828973843","2.0627179774333174E-4","0.2494979919678715","0.0","2","6","false","v26490","39.0","0","2","0","0.951483092100993","false","0","v26490","3256","0.6229508196721312"
"1.8","0.0","0.5555555555555556","0.0","1","2","false","v26810","5.0","0","1","0","0.8400000000000001","false","0","v26810","0","0.0"
"4.036217303822937","9.575060078544585E-4","0.24775672981056832","0.0","2","7","false","v26902","43.5","0","2","0","0.9510287531641461","false","0","v26902","15000","0.551948051948052"
"3.839034205231388","4.5160541359259E-4","0.26048218029350106","0.0","3","6","false","v27686","55.0","0","3","0","0.9542091257220744","false","0","v27686","17544","0.5142857142857142"
"3.6177062374245472","0.0024693947445173932","0.2764182424916574","0.0","6","6","false","v27832","36.5","0","6","0","0.9577789316544427","false","0","v27832","64612","0.2886178861788618"
"4.0","3.3222976338339493E-4","0.25","0.0","2","6","false","v27879","53.5","0","2","0","0.9516129032258065","false","0","v27879","9688","0.6104651162790697"
"3.7303822937625752","0.0019837265110850813","0.2680690399137001","0.0","5","6","false","v28075","35.2","0","5","0","0.9559615759070552","false","0","v28075","37146","0.32264150943396225"
"3.319919517102616","0.0115951898371562","0.3012121212121212","0.0","6","6","false","v28381","40.666666666666664","0","6","0","0.9625819432725384","false","0","v28381","152664","0.2526539278131635"
"4.0321931589537225","0.002050206849642096","0.24800399201596804","0.0","4","6","false","v14237","17.75","0","4","0","0.9510936587265528","false","0","v14237","32610","0.3101851851851852"
"5.529175050301811","0.0","0.18085880640465793","0.0","1","8","false","v14253","51.0","0","1","0","0.9269487895112611","false","0","v14253","0","0.0"
"4.531187122736418","0.1808984879632422","0.22069271758436945","0.0","51","7","false","Gemmiger_formicilis","1.0784313725490196","0","51","0","0.9430453689881223","false","0","Gemmiger_formicilis","1750714","0.0392156862745098"
"4.732394366197183","0.0","0.2113095238095238","0.0","1","8","false","v14636","17.0","0","1","0","0.9398000908677874","false","0","v14636","0","0.0"
"3.4527162977867203","0.008758863031353656","0.2896270396270396","0.0","7","6","false","v15129","42.714285714285715","0","7","0","0.9604400597131174","false","0","v15129","139438","0.24394319131161235"
"4.7002012072434605","2.9150866704654853E-4","0.2127568493150685","0.0","2","8","false","v15653","12.5","0","2","0","0.9403193353670409","false","0","v15653","2054","0.575"
"3.5291750503018107","0.007838874201241864","0.28335233751425315","0.0","8","6","false","v15740","33.875","0","8","0","0.9592068540273901","false","0","v15740","163268","0.2298951048951049"
"5.529175050301811","0.0","0.18085880640465793","0.0","1","8","false","v15952","51.0","0","1","0","0.9269487895112611","false","0","v15952","0","0.0"
"4.104627766599598","0.0","0.24362745098039215","0.0","1","6","false","v16229","45.0","0","1","0","0.9499253586032322","false","0","v16229","0","0.0"
"5.529175050301811","0.0","0.18085880640465793","0.0","1","8","false","v17618","51.0","0","1","0","0.9269487895112611","false","0","v17618","0","0.0"
"5.529175050301811","0.0","0.18085880640465793","0.0","1","8","false","v20548","51.0","0","1","0","0.9269487895112611","false","0","v20548","0","0.0"
"5.529175050301811","0.0","0.18085880640465793","0.0","1","8","false","v22109","51.0","0","1","0","0.9269487895112611","false","0","v22109","0","0.0"
"5.529175050301811","0.0","0.18085880640465793","0.0","1","8","false","v24431","51.0","0","1","0","0.9269487895112611","false","0","v24431","0","0.0"
"5.086519114688128","2.1576941202969293E-4","0.1965981012658228","0.0","3","8","false","v24539","32.333333333333336","0","3","0","0.9340884013759979","false","0","v24539","8342","0.746031746031746"
"4.217303822937626","0.08594297076570923","0.23711832061068702","0.0","33","7","false","Clostridium_sp_AM22_11AC","2.9696969696969697","0","33","0","0.9481080028558447","false","0","Clostridium_sp_AM22_11AC","1065846","0.1790633608815427"
"4.54728370221328","0.05313407780473359","0.21991150442477875","0.0","40","7","false","Clostridium_fessum","2.625","0","40","0","0.9427857467384955","false","0","Clostridium_fessum","518880","0.18055555555555555"
"5.146881287726358","0.008036633963857667","0.1942924159499609","0.0","24","8","false","Clostridium_sp_AM33_3","3.0","0","24","0","0.9331148179398975","false","0","Clostridium_sp_AM33_3","160126","0.5"
"4.237424547283702","0.0","0.23599240265906934","0.0","1","7","false","v25254","46.0","0","1","0","0.9477834750438112","false","0","v25254","0","0.0"
"5.094567404426559","8.595868523533833E-5","0.19628751974723538","0.0","2","8","false","v25410","36.5","0","2","0","0.9339585902511846","false","0","v25410","3606","0.8658536585365854"
"5.094567404426559","8.595868523533833E-5","0.19628751974723538","0.0","2","8","false","v25538","36.5","0","2","0","0.9339585902511846","false","0","v25538","3606","0.8658536585365854"
"3.37625754527163","0.021161785837642257","0.2961859356376639","0.0","10","6","false","v25647","31.0","0","10","0","0.9616732653988447","false","0","v25647","360264","0.16759776536312848"
"3.915492957746479","0.002892394287720964","0.2553956834532374","0.0","6","7","false","Dorea_formicigenerans","6.666666666666667","0","6","0","0.9529759200363471","false","0","Dorea_formicigenerans","25396","0.2833333333333333"
"4.374245472837022","0.0","0.22861085556577737","0.0","1","6","false","v26083","45.0","0","1","0","0.9455766859219835","false","0","v26083","0","0.0"
"3.847082494969819","3.6813649331743245E-4","0.25993723849372385","0.0","2","6","false","v26323","51.5","0","2","0","0.954079314597261","false","0","v26323","9074","0.6392405063291139"
"4.0321931589537225","0.002581611543208298","0.24800399201596804","0.0","3","6","false","v26794","19.666666666666668","0","3","0","0.9510936587265528","false","0","v26794","32598","0.38095238095238093"
"5.537223340040241","4.0087511734958435E-5","0.18059593023255816","0.0","2","8","false","v28305","32.0","0","2","0","0.9268189783864477","false","0","v28305","952","0.775"
"5.086519114688128","2.1576941202969293E-4","0.1965981012658228","0.0","3","8","false","v32558","32.333333333333336","0","3","0","0.9340884013759979","false","0","v32558","8342","0.746031746031746"
"5.529175050301811","0.0","0.18085880640465793","0.0","1","8","false","v32579","51.0","0","1","0","0.9269487895112611","false","0","v32579","0","0.0"
"5.529175050301811","0.0","0.18085880640465793","0.0","1","8","false","v33847","51.0","0","1","0","0.9269487895112611","false","0","v33847","0","0.0"
"5.110663983903421","0.0","0.19566929133858266","0.0","1","8","false","v34194","13.0","0","1","0","0.9336989680015577","false","0","v34194","0","0.0"
"4.732394366197183","0.0","0.2113095238095238","0.0","1","8","false","v34335","17.0","0","1","0","0.9398000908677874","false","0","v34335","0","0.0"
"5.545271629778672","0.0","0.18033381712626995","0.0","1","8","false","v35021","40.0","0","1","0","0.9266891672616343","false","0","v35021","0","0.0"
"4.374245472837022","0.0","0.22861085556577737","0.0","1","6","false","v36019","45.0","0","1","0","0.9455766859219835","false","0","v36019","0","0.0"
"3.7867203219315897","0.007291716670330243","0.2640807651434644","0.0","9","6","false","v42346","25.88888888888889","0","9","0","0.9550528980333615","false","0","v42346","182926","0.21092278719397364"
"5.529175050301811","0.0","0.18085880640465793","0.0","1","8","false","v42352","51.0","0","1","0","0.9269487895112611","false","0","v42352","0","0.0"
"4.442655935613682","0.001906671065770131","0.22509057971014493","0.0","3","8","false","v42360","19.0","0","3","0","0.9444732913610697","false","0","v42360","17492","0.3829787234042553"
"4.82897384305835","0.008238229029882945","0.20708333333333334","0.0","6","7","false","Agathobaculum_butyriciproducens","2.5","0","6","0","0.9382423573700266","false","0","Agathobaculum_butyriciproducens","91222","0.3"
"5.094567404426559","8.595868523533833E-5","0.19628751974723538","0.0","2","8","false","v42428","36.5","0","2","0","0.9339585902511846","false","0","v42428","3606","0.8658536585365854"
"5.529175050301811","0.0","0.18085880640465793","0.0","1","8","false","v42576","51.0","0","1","0","0.9269487895112611","false","0","v42576","0","0.0"
"5.529175050301811","0.0","0.18085880640465793","0.0","1","8","false","v42929","51.0","0","1","0","0.9269487895112611","false","0","v42929","0","0.0"
"4.527162977867203","0.013857066728687348","0.2208888888888889","0.0","2","8","false","v42972","46.5","0","2","0","0.943110274550529","false","0","v42972","168014","0.5112359550561798"
"4.048289738430584","1.4688850535685667E-4","0.24701789264413518","0.0","2","6","false","v43143","42.5","0","2","0","0.9508340364769261","false","0","v43143","2098","0.6194029850746269"
"5.529175050301811","0.0","0.18085880640465793","0.0","1","8","false","v43512","51.0","0","1","0","0.9269487895112611","false","0","v43512","0","0.0"
"5.086519114688128","2.1576941202969293E-4","0.1965981012658228","0.0","3","8","false","v43689","32.333333333333336","0","3","0","0.9340884013759979","false","0","v43689","8342","0.746031746031746"
"4.0","0.003367295136018935","0.25","0.0","4","6","false","v44027","20.5","0","4","0","0.9516129032258065","false","0","v44027","51142","0.2867647058823529"
"4.104627766599598","6.921485825648459E-5","0.24362745098039215","0.0","2","6","false","v44028","40.5","0","2","0","0.9499253586032322","false","0","v44028","2312","0.6370967741935484"
"3.613682092555332","0.006422337822622091","0.27672605790645877","0.0","7","6","false","v44120","36.857142857142854","0","7","0","0.9578438372168495","false","0","v44120","124216","0.2696025778732546"
"4.229376257545272","0.004832323246474771","0.23644148430066603","0.0","6","7","false","Eubacterium_ramulus","4.666666666666667","0","6","0","0.9479132861686247","false","0","Eubacterium_ramulus","73068","0.3055555555555556"
"3.806841046277666","0.0010950535084102383","0.26268498942917545","0.0","3","6","false","v28748","42.666666666666664","0","3","0","0.954728370221328","false","0","v28748","26578","0.45787545787545786"
"3.734406438631791","0.0015681137036880925","0.2677801724137931","0.0","3","6","false","v29257","50.666666666666664","0","3","0","0.9558966703446485","false","0","v29257","27884","0.48220064724919093"
"3.629778672032193","0.0013719217706304654","0.2754988913525499","0.0","3","6","false","v32474","55.0","0","3","0","0.9575842149672227","false","0","v32474","37428","0.4864864864864865"
"3.7062374245472838","0.007122166677658124","0.2698154180238871","0.0","3","6","false","v32490","48.333333333333336","0","3","0","0.9563510092814954","false","0","v32490","120598","0.41887905604719766"
"4.494969818913481","0.0","0.2224709042076992","0.0","1","8","false","v32720","41.0","0","1","0","0.9436295190497825","false","0","v32720","0","0.0"
"4.402414486921529","0.0","0.22714808043875687","0.0","1","6","false","v33344","38.0","0","1","0","0.9451223469851366","false","0","v33344","0","0.0"
"5.565392354124748","0.0","0.17968185104844542","0.0","1","8","false","v33356","5.0","0","1","0","0.9263646394496009","false","0","v33356","0","0.0"
"4.374245472837022","0.0","0.22861085556577737","0.0","1","6","false","v34177","25.0","0","1","0","0.9455766859219835","false","0","v34177","0","0.0"
"3.694164989939638","0.002799841601809912","0.2706971677559913","0.0","4","6","false","v34382","41.0","0","4","0","0.9565457259687156","false","0","v34382","41250","0.3669724770642202"
"3.847082494969819","1.9309396646726635E-4","0.25993723849372385","0.0","2","6","false","v38201","50.5","0","2","0","0.954079314597261","false","0","v38201","4880","0.61875"
"4.374245472837022","0.0","0.22861085556577737","0.0","1","6","false","v40307","45.0","0","1","0","0.9455766859219835","false","0","v40307","0","0.0"
"3.448692152917505","0.019268186970569454","0.28996499416569427","0.0","12","6","false","v40506","28.916666666666668","0","12","0","0.9605049652755242","false","0","v40506","386632","0.17668776371308018"
"4.503018108651911","0.0","0.22207327971403037","0.0","1","7","false","v41840","26.0","0","1","0","0.9434997079249691","false","0","v41840","0","0.0"
"1.8","0.0","0.5555555555555556","0.0","1","2","false","v42022","5.0","0","1","0","0.8400000000000001","false","0","v42022","0","0.0"
"4.0","3.3222976338339493E-4","0.25","0.0","2","6","false","v42386","53.5","0","2","0","0.9516129032258065","false","0","v42386","9688","0.6104651162790697"
"4.619718309859155","3.70955440409205E-4","0.21646341463414634","0.0","2","8","false","v42394","13.0","0","2","0","0.941617446615175","false","0","v42394","2868","0.5454545454545454"
"4.237424547283702","0.0","0.23599240265906934","0.0","1","7","false","v42399","46.0","0","1","0","0.9477834750438112","false","0","v42399","0","0.0"
"4.494969818913481","0.0","0.2224709042076992","0.0","1","8","false","v42548","41.0","0","1","0","0.9436295190497825","false","0","v42548","0","0.0"
"4.523138832997988","0.0","0.22108540925266904","0.0","1","6","false","v42889","20.0","0","1","0","0.9431751801129357","false","0","v42889","0","0.0"
"3.58953722334004","0.0025849488796571515","0.27858744394618834","0.0","6","6","false","v42967","41.5","0","6","0","0.9582332705912897","false","0","v42967","68476","0.32661290322580644"
"4.402414486921529","0.0","0.22714808043875687","0.0","1","6","false","v43155","38.0","0","1","0","0.9451223469851366","false","0","v43155","0","0.0"
"4.012072434607646","2.08726128072194E-4","0.24924774322968907","0.0","2","6","false","v43842","48.0","0","2","0","0.9514181865385863","false","0","v43842","9814","0.5802469135802469"
"4.237424547283702","0.0","0.23599240265906934","0.0","1","7","false","v44008","46.0","0","1","0","0.9477834750438112","false","0","v44008","0","0.0"
"4.494969818913481","0.0","0.2224709042076992","0.0","1","8","false","v45094","41.0","0","1","0","0.9436295190497825","false","0","v45094","0","0.0"
"4.036217303822937","9.575060078544585E-4","0.24775672981056832","0.0","2","7","false","v45322","43.5","0","2","0","0.9510287531641461","false","0","v45322","15000","0.551948051948052"
"4.494969818913481","0.0","0.2224709042076992","0.0","1","8","false","v45358","41.0","0","1","0","0.9436295190497825","false","0","v45358","0","0.0"
"4.494969818913481","0.0","0.2224709042076992","0.0","1","8","false","v45617","41.0","0","1","0","0.9436295190497825","false","0","v45617","0","0.0"
"3.810865191146881","0.002054385192081801","0.2624076029567054","0.0","4","6","false","v45987","46.0","0","4","0","0.9546634646589213","false","0","v45987","48930","0.375"
"4.523138832997988","0.0","0.22108540925266904","0.0","1","6","false","v46315","20.0","0","1","0","0.9431751801129357","false","0","v46315","0","0.0"
"3.4446680080482897","0.011716069592878546","0.290303738317757","0.0","10","6","false","v46338","39.2","0","10","0","0.9605698708379308","false","0","v46338","268052","0.24331210191082803"
"3.436619718309859","0.014840014988894628","0.29098360655737704","0.0","15","6","false","v46351","32.13333333333333","0","15","0","0.9606996819627442","false","0","v46351","337474","0.19100204498977505"
"4.724346076458753","0.0","0.2116695059625213","0.0","1","8","false","v47311","42.0","0","1","0","0.9399299019926007","false","0","v47311","0","0.0"
"3.670020120724346","0.004264914429962858","0.27247807017543857","0.0","5","6","false","v48222","31.6","0","5","0","0.9569351593431558","false","0","v48222","68974","0.2914285714285714"
"4.144869215291751","4.6773226777639904E-4","0.2412621359223301","0.0","3","7","false","v49213","24.333333333333332","0","3","0","0.9492763029791653","false","0","v49213","6754","0.4166666666666667"
"3.6338028169014085","0.06444501249206949","0.2751937984496124","0.0","6","6","false","v49280","28.666666666666668","0","6","0","0.957519309404816","false","0","v49280","926680","0.19904076738609114"
"4.494969818913481","0.0","0.2224709042076992","0.0","1","8","false","v49920","41.0","0","1","0","0.9436295190497825","false","0","v49920","0","0.0"
"4.494969818913481","0.0","0.2224709042076992","0.0","1","8","false","v50359","41.0","0","1","0","0.9436295190497825","false","0","v50359","0","0.0"
"3.734406438631791","0.0015681137036880925","0.2677801724137931","0.0","3","6","false","v50399","50.666666666666664","0","3","0","0.9558966703446485","false","0","v50399","27884","0.48220064724919093"
"1.0","0.0","1.0","0.0","1","1","false","v51329","1.0","0","1","0","1.0","false","0","v51329","0","0.0"
"1.0","0.0","1.0","0.0","1","1","false","Collinsella_aerofaciens","1.0","0","1","0","1.0","false","0","Collinsella_aerofaciens","0","0.0"
"4.410462776659959","0.0019734991471659453","0.2267335766423358","0.0","2","6","false","v51332","29.0","0","2","0","0.9449925358603232","false","0","v51332","16294","0.509090909090909"
"5.014084507042254","0.0","0.199438202247191","0.0","1","8","false","v51387","14.0","0","1","0","0.9352567014993185","false","0","v51387","0","0.0"
"5.364185110663984","0.0","0.18642160540135033","0.0","1","8","false","v51465","4.0","0","1","0","0.9296099175699358","false","0","v51465","0","0.0"
"5.529175050301811","0.0","0.18085880640465793","0.0","1","8","false","v52113","51.0","0","1","0","0.9269487895112611","false","0","v52113","0","0.0"
"3.629778672032193","0.00249915778192022","0.2754988913525499","0.0","4","6","false","v52122","51.0","0","4","0","0.9575842149672227","false","0","v52122","58678","0.4032258064516129"
"4.100603621730382","6.188733519815761E-5","0.24386653581943082","0.0","2","6","false","v52456","35.0","0","2","0","0.9499902641656389","false","0","v52456","2176","0.6181818181818182"
"3.72635814889336","0.0020910992262780466","0.2683585313174946","0.0","4","6","false","v52457","42.75","0","4","0","0.9560264814694619","false","0","v52457","36824","0.4014423076923077"
"1.8","0.0","0.5555555555555556","0.0","1","2","false","v52763","5.0","0","1","0","0.8400000000000001","false","0","v52763","0","0.0"
"1.9","0.0","0.5263157894736842","0.0","1","2","false","v28697","10.0","0","1","0","0.9099999999999999","false","0","v28697","0","0.0"
"1.0","1.0","1.0","0.0","10","1","false","Enterocloster_bolteae","1.0","0","10","0","1.0","false","0","Enterocloster_bolteae","90","0.0"
"1.9","0.0","0.5263157894736842","0.0","1","2","false","v46356","10.0","0","1","0","0.9099999999999999","false","0","v46356","0","0.0"
"1.9","0.0","0.5263157894736842","0.0","1","2","false","v49225","10.0","0","1","0","0.9099999999999999","false","0","v49225","0","0.0"
"1.9","0.0","0.5263157894736842","0.0","1","2","false","v53794","10.0","0","1","0","0.9099999999999999","false","0","v53794","0","0.0"
"1.9","0.0","0.5263157894736842","0.0","1","2","false","v55716","10.0","0","1","0","0.9099999999999999","false","0","v55716","0","0.0"
"1.9","0.0","0.5263157894736842","0.0","1","2","false","v59698","10.0","0","1","0","0.9099999999999999","false","0","v59698","0","0.0"
"4.402414486921529","3.660269687097248E-4","0.22714808043875687","0.0","2","8","false","v01268","32.0","0","2","0","0.9451223469851366","false","0","v01268","12884","0.6458333333333334"
"4.402414486921529","3.660269687097248E-4","0.22714808043875687","0.0","2","8","false","v01489","32.0","0","2","0","0.9451223469851366","false","0","v01489","12884","0.6458333333333334"
"5.050301810865191","0.0","0.19800796812749005","0.0","1","8","false","v02105","16.0","0","1","0","0.9346725514376582","false","0","v02105","0","0.0"
"4.402414486921529","3.660269687097248E-4","0.22714808043875687","0.0","2","8","false","v02460","32.0","0","2","0","0.9451223469851366","false","0","v02460","12884","0.6458333333333334"
"4.402414486921529","3.660269687097248E-4","0.22714808043875687","0.0","2","8","false","v04942","32.0","0","2","0","0.9451223469851366","false","0","v04942","12884","0.6458333333333334"
"4.402414486921529","3.660269687097248E-4","0.22714808043875687","0.0","2","8","false","v05486","32.0","0","2","0","0.9451223469851366","false","0","v05486","12884","0.6458333333333334"
"5.110663983903421","0.0","0.19566929133858266","0.0","1","8","false","v06740","13.0","0","1","0","0.9336989680015577","false","0","v06740","0","0.0"
"4.350100603621731","7.755016518929855E-5","0.22987974098057354","0.0","2","6","false","v06777","15.5","0","2","0","0.9459661192964236","false","0","v06777","758","0.5178571428571429"
"4.402414486921529","3.660269687097248E-4","0.22714808043875687","0.0","2","8","false","v09207","32.0","0","2","0","0.9451223469851366","false","0","v09207","12884","0.6458333333333334"
"4.3420523138833","5.421198111410938E-4","0.2303058387395737","0.0","2","6","false","v10435","16.5","0","2","0","0.9460959304212371","false","0","v10435","6612","0.5"
"3.975855130784708","0.0010477933983593915","0.2515182186234818","0.0","6","6","false","v12628","26.166666666666668","0","6","0","0.9520023366002467","false","0","v12628","24804","0.28277153558052437"
"3.51307847082495","0.009720556719215947","0.28465063001145474","0.0","9","6","false","v12991","32.888888888888886","0","9","0","0.959466476277017","false","0","v12991","167056","0.21259259259259258"
"5.110663983903421","0.0","0.19566929133858266","0.0","1","8","false","v13427","13.0","0","1","0","0.9336989680015577","false","0","v13427","0","0.0"
"4.402414486921529","3.660269687097248E-4","0.22714808043875687","0.0","2","8","false","v14176","32.0","0","2","0","0.9451223469851366","false","0","v14176","12884","0.6458333333333334"
"5.110663983903421","0.0","0.19566929133858266","0.0","1","8","false","v16204","13.0","0","1","0","0.9336989680015577","false","0","v16204","0","0.0"
"4.237424547283702","0.0","0.23599240265906934","0.0","1","7","false","v18826","46.0","0","1","0","0.9477834750438112","false","0","v18826","0","0.0"
"5.014084507042254","0.0","0.199438202247191","0.0","1","8","false","v24143","14.0","0","1","0","0.9352567014993185","false","0","v24143","0","0.0"
"3.6861167002012074","0.005677589501868827","0.2712882096069869","0.0","5","6","false","v34479","36.4","0","5","0","0.9566755370935288","false","0","v34479","101470","0.29747899159663865"
"4.402414486921529","3.660269687097248E-4","0.22714808043875687","0.0","2","8","false","v36085","32.0","0","2","0","0.9451223469851366","false","0","v36085","12884","0.6458333333333334"
"3.9517102615694166","0.0029354259423092495","0.2530549898167006","0.0","3","6","false","v43687","33.666666666666664","0","3","0","0.9523917699746868","false","0","v43687","54816","0.41350210970464135"
"4.177062374245473","0.0031814707382700944","0.23940269749518303","0.0","2","6","false","v43844","39.0","0","2","0","0.9487570584799118","false","0","v43844","36446","0.5205479452054794"
"4.402414486921529","3.660269687097248E-4","0.22714808043875687","0.0","2","8","false","v45984","32.0","0","2","0","0.9451223469851366","false","0","v45984","12884","0.6458333333333334"
"4.402414486921529","3.660269687097248E-4","0.22714808043875687","0.0","2","8","false","v46370","32.0","0","2","0","0.9451223469851366","false","0","v46370","12884","0.6458333333333334"
"4.402414486921529","3.660269687097248E-4","0.22714808043875687","0.0","2","8","false","v46901","32.0","0","2","0","0.9451223469851366","false","0","v46901","12884","0.6458333333333334"
"5.110663983903421","0.0","0.19566929133858266","0.0","1","8","false","v46992","13.0","0","1","0","0.9336989680015577","false","0","v46992","0","0.0"
"4.985915492957746","0.0","0.20056497175141244","0.0","1","8","false","v47119","20.0","0","1","0","0.9357110404361654","false","0","v47119","0","0.0"
"4.402414486921529","3.660269687097248E-4","0.22714808043875687","0.0","2","8","false","v47220","32.0","0","2","0","0.9451223469851366","false","0","v47220","12884","0.6458333333333334"
"4.402414486921529","3.660269687097248E-4","0.22714808043875687","0.0","2","8","false","v48290","32.0","0","2","0","0.9451223469851366","false","0","v48290","12884","0.6458333333333334"
"5.110663983903421","0.0","0.19566929133858266","0.0","1","8","false","v54531","13.0","0","1","0","0.9336989680015577","false","0","v54531","0","0.0"
"4.100603621730382","1.9221470285216353E-4","0.24386653581943082","0.0","3","6","false","v55646","28.666666666666668","0","3","0","0.9499902641656389","false","0","v55646","4096","0.44623655913978494"
"5.110663983903421","0.0","0.19566929133858266","0.0","1","8","false","v56916","13.0","0","1","0","0.9336989680015577","false","0","v56916","0","0.0"
"4.402414486921529","3.660269687097248E-4","0.22714808043875687","0.0","2","8","false","v58126","32.0","0","2","0","0.9451223469851366","false","0","v58126","12884","0.6458333333333334"
"5.110663983903421","0.0","0.19566929133858266","0.0","1","8","false","v59959","13.0","0","1","0","0.9336989680015577","false","0","v59959","0","0.0"
"3.762575452716298","8.738489955180881E-4","0.2657754010695187","0.0","5","6","false","v60827","36.8","0","5","0","0.9554423314078017","false","0","v60827","25194","0.35445544554455444"
"4.048289738430584","0.003940120786074208","0.24701789264413518","0.0","3","6","false","v53002","22.0","0","3","0","0.9508340364769261","false","0","v53002","91480","0.3620689655172414"
"4.494969818913481","0.0","0.2224709042076992","0.0","1","8","false","v53235","41.0","0","1","0","0.9436295190497825","false","0","v53235","0","0.0"
"3.641851106639839","0.013276421556120048","0.274585635359116","0.0","7","6","false","v55707","42.285714285714285","0","7","0","0.9573894982800025","false","0","v55707","221910","0.2752380952380952"
"3.6498993963782698","0.006649505430426412","0.27398015435501655","0.0","9","6","false","v56118","25.555555555555557","0","9","0","0.9572596871551893","false","0","v56118","150910","0.2135265700483092"
"3.585513078470825","0.018085237940547047","0.2789001122334456","0.0","6","6","false","v56165","38.333333333333336","0","6","0","0.9582981761536964","false","0","v56165","150302","0.2962962962962963"
"3.653923541247485","0.0016339631111589184","0.2736784140969163","0.0","5","6","false","v56204","42.2","0","5","0","0.9571947815927825","false","0","v56204","38854","0.37117117117117115"
"3.356136820925553","0.017379610034595292","0.2979616306954437","0.0","8","6","false","v56212","41.125","0","8","0","0.9619977932108781","false","0","v56212","343742","0.2168918918918919"
"3.464788732394366","0.004641592531302945","0.2886178861788618","0.0","7","6","false","v56930","46.857142857142854","0","7","0","0.9602453430258973","false","0","v56930","119704","0.31409001956947163"
"3.118712273641851","0.03650887427653274","0.3206451612903226","0.0","15","6","false","v57004","36.53333333333333","0","15","0","0.9658272213928735","false","0","v57004","615136","0.18603839441535777"
"4.152917505030181","1.198958056865859E-4","0.24079457364341086","0.0","2","6","false","v57306","51.5","0","2","0","0.949146491854352","false","0","v57306","2588","0.6558441558441559"
"3.484909456740443","0.01374064871310979","0.2869515011547344","0.0","5","6","false","v57368","39.4","0","5","0","0.9599208152138639","false","0","v57368","133414","0.32"
"4.494969818913481","0.0","0.2224709042076992","0.0","1","8","false","v57717","41.0","0","1","0","0.9436295190497825","false","0","v57717","0","0.0"
"3.778672032193159","0.022644658189400577","0.26464323748668794","0.0","4","6","false","v57749","37.5","0","4","0","0.9551827091581749","false","0","v57749","134396","0.3067226890756303"
"4.494969818913481","0.0","0.2224709042076992","0.0","1","7","false","v58385","17.0","0","1","0","0.9436295190497825","false","0","v58385","0","0.0"
"3.3641851106639837","0.0067134439300296144","0.2972488038277512","0.0","7","6","false","v58509","42.0","0","7","0","0.9618679820860648","false","0","v58509","148080","0.2949640287769784"
"4.494969818913481","0.0","0.2224709042076992","0.0","1","8","false","v58558","41.0","0","1","0","0.9436295190497825","false","0","v58558","0","0.0"
"4.169014084507042","0.0","0.23986486486486489","0.0","1","6","false","v58560","39.0","0","1","0","0.9488868696047251","false","0","v58560","0","0.0"
"4.036217303822937","9.575060078544585E-4","0.24775672981056832","0.0","2","7","false","v59941","43.5","0","2","0","0.9510287531641461","false","0","v59941","15000","0.551948051948052"
"5.488933601609658","0.0","0.1821847507331378","0.0","1","8","false","v60856","8.0","0","1","0","0.9275978451353281","false","0","v60856","0","0.0"
"4.064386317907445","0.0","0.246039603960396","0.0","1","6","false","v61039","62.0","0","1","0","0.9505744142272993","false","0","v61039","0","0.0"
"3.4728370221327967","0.0027691927369775282","0.28794901506373116","0.0","5","6","false","v64123","46.8","0","5","0","0.960115531901084","false","0","v64123","71992","0.38813559322033897"
"4.237424547283702","8.576360275067026E-5","0.23599240265906934","0.0","2","6","false","v64465","22.5","0","2","0","0.9477834750438112","false","0","v64465","1128","0.581081081081081"
"4.494969818913481","0.0","0.2224709042076992","0.0","1","8","false","v64811","41.0","0","1","0","0.9436295190497825","false","0","v64811","0","0.0"
"3.8269617706237424","0.00974965845150097","0.26130389064143006","0.0","3","6","false","v66334","46.666666666666664","0","3","0","0.9544038424092945","false","0","v66334","106036","0.41515151515151516"
"6.181086519114688","0.0","0.16178385416666669","0.0","1","8","false","v66415","8.0","0","1","0","0.9164340884013761","false","0","v66415","0","0.0"
"4.27364185110664","1.3346747314222837E-4","0.2339924670433145","0.0","2","6","false","v66693","32.5","0","2","0","0.947199324982151","false","0","v66693","1546","0.5625"
"4.076458752515091","2.2897330395514625E-4","0.24531095755182625","0.0","2","7","false","v68778","36.0","0","2","0","0.9503796975400791","false","0","v68778","3648","0.5555555555555556"
"5.050301810865191","0.0","0.19800796812749005","0.0","1","8","false","v69799","16.0","0","1","0","0.9346725514376582","false","0","v69799","0","0.0"
"3.2877263581488934","0.010970032178762995","0.30416156670746636","0.0","10","6","false","v69821","43.7","0","10","0","0.963101187771792","false","0","v69821","289030","0.2719745222929936"
"4.016096579476861","5.25267268999949E-4","0.24899799599198397","0.0","3","7","false","v71302","29.666666666666668","0","3","0","0.9513532809761797","false","0","v71302","9372","0.42786069651741293"
"4.237424547283702","0.0","0.23599240265906934","0.0","1","7","false","v71970","46.0","0","1","0","0.9477834750438112","false","0","v71970","0","0.0"
"3.541247484909457","0.00906576877467761","0.2823863636363636","0.0","6","6","false","v72975","38.333333333333336","0","6","0","0.9590121373401701","false","0","v72975","216596","0.2647754137115839"
"5.529175050301811","0.0","0.18085880640465793","0.0","1","8","false","v73208","51.0","0","1","0","0.9269487895112611","false","0","v73208","0","0.0"
"4.064386317907445","0.0","0.246039603960396","0.0","1","6","false","v74375","62.0","0","1","0","0.9505744142272993","false","0","v74375","0","0.0"
"5.050301810865191","0.0","0.19800796812749005","0.0","1","8","false","v74424","16.0","0","1","0","0.9346725514376582","false","0","v74424","0","0.0"
"4.06841046277666","0.0012480551463957845","0.24579624134520278","0.0","2","6","false","v74445","27.5","0","2","0","0.9505095086648926","false","0","v74445","23450","0.5196078431372549"
"3.847082494969819","1.9309396646726635E-4","0.25993723849372385","0.0","2","6","false","v74948","50.5","0","2","0","0.954079314597261","false","0","v74948","4880","0.61875"
"3.541247484909457","0.0066528508577207175","0.2823863636363636","0.0","6","6","false","v75853","35.666666666666664","0","6","0","0.9590121373401701","false","0","v75853","118726","0.25870646766169153"
"4.430583501006036","0.0","0.2257039055404178","0.0","1","6","false","v75927","11.0","0","1","0","0.9446680080482898","false","0","v75927","0","0.0"
"3.7746478873239435","0.0017915242936332285","0.26492537313432835","0.0","5","6","false","v77617","42.0","0","5","0","0.9552476147205815","false","0","v77617","38932","0.3445378151260504"
"4.084507042253521","1.3098179921021427E-4","0.24482758620689657","0.0","2","6","false","v77863","28.0","0","2","0","0.9502498864152658","false","0","v77863","2558","0.5625"
"3.601609657947686","0.002395268570949158","0.2776536312849162","0.0","4","6","false","v78633","38.75","0","4","0","0.9580385539040697","false","0","v78633","46108","0.3932291666666667"
"4.82092555331992","5.707755333282834E-5","0.20742904841402338","0.0","2","8","false","v80234","7.0","0","2","0","0.9383721684948401","false","0","v80234","628","0.5454545454545454"
"3.058350100603622","0.054844212567038225","0.3269736842105263","0.0","9","6","false","v80492","46.0","0","9","0","0.9668008048289739","false","0","v80492","654298","0.21428571428571427"
"4.494969818913481","0.0","0.2224709042076992","0.0","1","8","false","v82023","41.0","0","1","0","0.9436295190497825","false","0","v82023","0","0.0"
"4.3420523138833","3.5430670086861925E-4","0.2303058387395737","0.0","2","6","false","v82353","13.0","0","2","0","0.9460959304212371","false","0","v82353","4746","0.5217391304347826"
"1.9","0.0","0.5263157894736842","0.0","1","2","false","v02484","10.0","0","1","0","0.9099999999999999","false","0","v02484","0","0.0"
"1.9","0.0","0.5263157894736842","0.0","1","2","false","v05571","10.0","0","1","0","0.9099999999999999","false","0","v05571","0","0.0"
"1.9","0.0","0.5263157894736842","0.0","1","2","false","v10588","10.0","0","1","0","0.9099999999999999","false","0","v10588","0","0.0"
"1.9","0.0","0.5263157894736842","0.0","1","2","false","v10923","10.0","0","1","0","0.9099999999999999","false","0","v10923","0","0.0"
"4.092555331991952","0.0015471092894271895","0.24434611602753192","0.0","3","6","false","v00130","28.333333333333332","0","3","0","0.9501200752904524","false","0","v00130","29394","0.4270833333333333"
"5.094567404426559","8.595868523533833E-5","0.19628751974723538","0.0","2","8","false","v00470","36.5","0","2","0","0.9339585902511846","false","0","v00470","3606","0.8658536585365854"
"3.4808853118712273","0.025260541428117976","0.28728323699421965","0.0","9","6","false","v01005","29.666666666666668","0","9","0","0.9599857207762705","false","0","v01005","409208","0.18494623655913978"
"4.128772635814889","0.00203134531617118","0.2422027290448343","0.0","5","7","false","Ruminococcus_torques","6.8","0","5","0","0.949535925228792","false","0","Ruminococcus_torques","35890","0.30526315789473685"
"4.104627766599598","0.0","0.24362745098039215","0.0","1","6","false","v01289","45.0","0","1","0","0.9499253586032322","false","0","v01289","0","0.0"
"5.529175050301811","0.0","0.18085880640465793","0.0","1","8","false","v01492","51.0","0","1","0","0.9269487895112611","false","0","v01492","0","0.0"
"3.698189134808853","0.0026508259928626986","0.27040261153427636","0.0","5","6","false","v01500","34.0","0","5","0","0.9564808204063088","false","0","v01500","57722","0.3173076923076923"
"3.3078470824949697","0.05067728905452297","0.30231143552311435","0.0","14","6","false","v01522","27.071428571428573","0","14","0","0.9627766599597585","false","0","v01522","912420","0.13649962602842183"
"3.51307847082495","0.0034882291753248096","0.28465063001145474","0.0","5","6","false","v02086","40.6","0","5","0","0.959466476277017","false","0","v02086","71854","0.3504424778761062"
"5.086519114688128","2.1576941202969293E-4","0.1965981012658228","0.0","3","8","false","v02757","32.333333333333336","0","3","0","0.9340884013759979","false","0","v02757","8342","0.746031746031746"
"5.094567404426559","8.595868523533833E-5","0.19628751974723538","0.0","2","8","false","v03958","36.5","0","2","0","0.9339585902511846","false","0","v03958","3606","0.8658536585365854"
"5.227364185110664","0.0","0.19130100076982293","0.0","1","8","false","v04474","6.0","0","1","0","0.9318167066917634","false","0","v04474","0","0.0"
"3.8832997987927564","0.005069364144143774","0.25751295336787566","0.0","3","6","false","v05093","35.666666666666664","0","3","0","0.9534951645356007","false","0","v05093","76472","0.40310077519379844"
"3.448692152917505","0.012268529480221876","0.28996499416569427","0.0","6","6","false","v05824","40.5","0","6","0","0.9605049652755242","false","0","v05824","216976","0.24085365853658536"
"4.905432595573441","7.388463797001621E-4","0.20385561936013125","0.0","2","8","false","v05971","28.0","0","2","0","0.9370091516842993","false","0","v05971","15576","0.54"
"6.181086519114688","0.0","0.16178385416666669","0.0","1","8","false","v06196","8.0","0","1","0","0.9164340884013761","false","0","v06196","0","0.0"
"4.104627766599598","6.921485825648459E-5","0.24362745098039215","0.0","2","6","false","v06594","40.5","0","2","0","0.9499253586032322","false","0","v06594","2312","0.6370967741935484"
"5.545271629778672","0.0","0.18033381712626995","0.0","1","8","false","v06650","40.0","0","1","0","0.9266891672616343","false","0","v06650","0","0.0"
"5.537223340040241","4.0087511734958435E-5","0.18059593023255816","0.0","2","8","false","v06778","32.0","0","2","0","0.9268189783864477","false","0","v06778","952","0.775"
"5.529175050301811","0.0","0.18085880640465793","0.0","1","8","false","v06779","51.0","0","1","0","0.9269487895112611","false","0","v06779","0","0.0"
"4.124748490945674","0.004290855756398988","0.24243902439024392","0.0","3","6","false","v06782","18.333333333333332","0","3","0","0.9496008307911987","false","0","v06782","51408","0.36879432624113473"
"5.529175050301811","0.0","0.18085880640465793","0.0","1","8","false","v07485","51.0","0","1","0","0.9269487895112611","false","0","v07485","0","0.0"
"5.529175050301811","0.0","0.18085880640465793","0.0","1","8","false","v08422","51.0","0","1","0","0.9269487895112611","false","0","v08422","0","0.0"
"4.152917505030181","1.198958056865859E-4","0.24079457364341086","0.0","2","6","false","v08469","51.5","0","2","0","0.949146491854352","false","0","v08469","2588","0.6558441558441559"
"4.128772635814889","0.0028237389931776535","0.2422027290448343","0.0","4","6","false","v08484","26.5","0","4","0","0.949535925228792","false","0","v08484","46730","0.36428571428571427"
"5.529175050301811","0.0","0.18085880640465793","0.0","1","8","false","v08736","51.0","0","1","0","0.9269487895112611","false","0","v08736","0","0.0"
"5.529175050301811","0.0","0.18085880640465793","0.0","1","8","false","v08886","51.0","0","1","0","0.9269487895112611","false","0","v08886","0","0.0"
"4.724346076458753","0.0","0.2116695059625213","0.0","1","8","false","v09169","42.0","0","1","0","0.9399299019926007","false","0","v09169","0","0.0"
"3.8993963782696177","0.13261361866573726","0.2564499484004128","0.0","2","6","false","v09939","48.0","0","2","0","0.953235542285974","false","0","v09939","1281192","0.5"
"4.144869215291751","0.005140666867778311","0.2412621359223301","0.0","4","7","false","v09997","16.75","0","4","0","0.9492763029791653","false","0","v09997","61912","0.2863636363636364"
"3.8792756539235413","0.002067125648454938","0.25778008298755184","0.0","4","6","false","v10301","37.25","0","4","0","0.9535600700980074","false","0","v10301","35148","0.3553921568627451"
"5.545271629778672","0.0","0.18033381712626995","0.0","1","8","false","v11603","40.0","0","1","0","0.9266891672616343","false","0","v11603","0","0.0"
"3.847082494969819","0.03337897003052467","0.25993723849372385","0.0","5","6","false","v11707","28.2","0","5","0","0.954079314597261","false","0","v11707","391552","0.26153846153846155"
"4.064386317907445","0.0","0.246039603960396","0.0","1","6","false","v11741","62.0","0","1","0","0.9505744142272993","false","0","v11741","0","0.0"
"5.086519114688128","2.1576941202969293E-4","0.1965981012658228","0.0","3","8","false","v11771","32.333333333333336","0","3","0","0.9340884013759979","false","0","v11771","8342","0.746031746031746"
"5.094567404426559","8.595868523533833E-5","0.19628751974723538","0.0","2","8","false","v11793","36.5","0","2","0","0.9339585902511846","false","0","v11793","3606","0.8658536585365854"
"4.442655935613682","0.001906671065770131","0.22509057971014493","0.0","3","8","false","v12633","19.0","0","3","0","0.9444732913610697","false","0","v12633","17492","0.3829787234042553"
"5.014084507042254","0.0","0.199438202247191","0.0","1","8","false","v12637","14.0","0","1","0","0.9352567014993185","false","0","v12637","0","0.0"
"3.8792756539235413","3.3012093368068164E-4","0.25778008298755184","0.0","3","6","false","v13176","37.666666666666664","0","3","0","0.9535600700980074","false","0","v13176","12444","0.4954954954954955"
"3.975855130784708","6.472814220402179E-4","0.2515182186234818","0.0","2","6","false","v13464","42.0","0","2","0","0.9520023366002467","false","0","v13464","10024","0.5540540540540541"
"4.0804828973843055","0.0015845059258964836","0.24506903353057202","0.0","2","6","false","v13503","26.5","0","2","0","0.9503147919776724","false","0","v13503","16132","0.51"
"5.529175050301811","0.0","0.18085880640465793","0.0","1","8","false","v13840","51.0","0","1","0","0.9269487895112611","false","0","v13840","0","0.0"
"3.9879275653923543","9.950274793565843E-4","0.25075681130171545","0.0","2","6","false","v13849","40.0","0","2","0","0.9518076199130265","false","0","v13849","15980","0.5342465753424658"
"5.086519114688128","2.1576941202969293E-4","0.1965981012658228","0.0","3","8","false","v13866","32.333333333333336","0","3","0","0.9340884013759979","false","0","v13866","8342","0.746031746031746"
"4.104627766599598","6.921485825648459E-5","0.24362745098039215","0.0","2","6","false","v13961","40.5","0","2","0","0.9499253586032322","false","0","v13961","2312","0.6370967741935484"
"3.51307847082495","0.0034882291753248096","0.28465063001145474","0.0","5","6","false","v45097","40.6","0","5","0","0.959466476277017","false","0","v45097","71854","0.3504424778761062"
"5.529175050301811","0.0","0.18085880640465793","0.0","1","8","false","v45855","51.0","0","1","0","0.9269487895112611","false","0","v45855","0","0.0"
"5.529175050301811","0.0","0.18085880640465793","0.0","1","8","false","v45878","51.0","0","1","0","0.9269487895112611","false","0","v45878","0","0.0"
"5.529175050301811","0.0","0.18085880640465793","0.0","1","8","false","v45997","51.0","0","1","0","0.9269487895112611","false","0","v45997","0","0.0"
"5.086519114688128","2.1576941202969293E-4","0.1965981012658228","0.0","3","8","false","v46330","32.333333333333336","0","3","0","0.9340884013759979","false","0","v46330","8342","0.746031746031746"
"4.169014084507042","0.0","0.23986486486486489","0.0","1","6","false","v46372","39.0","0","1","0","0.9488868696047251","false","0","v46372","0","0.0"
"4.732394366197183","0.0","0.2113095238095238","0.0","1","8","false","v46828","17.0","0","1","0","0.9398000908677874","false","0","v46828","0","0.0"
"5.529175050301811","0.0","0.18085880640465793","0.0","1","8","false","v46991","51.0","0","1","0","0.9269487895112611","false","0","v46991","0","0.0"
"4.104627766599598","6.921485825648459E-5","0.24362745098039215","0.0","2","6","false","v47116","40.5","0","2","0","0.9499253586032322","false","0","v47116","2312","0.6370967741935484"
"5.086519114688128","2.1576941202969293E-4","0.1965981012658228","0.0","3","8","false","v47193","32.333333333333336","0","3","0","0.9340884013759979","false","0","v47193","8342","0.746031746031746"
"3.6458752515090542","0.002684226511783117","0.2742825607064018","0.0","6","6","false","v47236","38.666666666666664","0","6","0","0.957324592717596","false","0","v47236","68010","0.3165266106442577"
"5.529175050301811","0.0","0.18085880640465793","0.0","1","8","false","v48258","51.0","0","1","0","0.9269487895112611","false","0","v48258","0","0.0"
"5.545271629778672","0.0","0.18033381712626995","0.0","1","8","false","v48417","40.0","0","1","0","0.9266891672616343","false","0","v48417","0","0.0"
"5.529175050301811","0.0","0.18085880640465793","0.0","1","8","false","v49203","51.0","0","1","0","0.9269487895112611","false","0","v49203","0","0.0"
"5.094567404426559","8.595868523533833E-5","0.19628751974723538","0.0","2","8","false","v49306","36.5","0","2","0","0.9339585902511846","false","0","v49306","3606","0.8658536585365854"
"5.529175050301811","0.0","0.18085880640465793","0.0","1","8","false","v49330","51.0","0","1","0","0.9269487895112611","false","0","v49330","0","0.0"
"4.953722334004024","0.0","0.20186839967506093","0.0","1","8","false","v50376","19.0","0","1","0","0.9362302849354189","false","0","v50376","0","0.0"
"4.104627766599598","6.921485825648459E-5","0.24362745098039215","0.0","2","6","false","v50380","40.5","0","2","0","0.9499253586032322","false","0","v50380","2312","0.6370967741935484"
"5.529175050301811","0.0","0.18085880640465793","0.0","1","8","false","v50985","51.0","0","1","0","0.9269487895112611","false","0","v50985","0","0.0"
"5.529175050301811","0.0","0.18085880640465793","0.0","1","8","false","v51234","51.0","0","1","0","0.9269487895112611","false","0","v51234","0","0.0"
"5.529175050301811","0.0","0.18085880640465793","0.0","1","8","false","v51621","51.0","0","1","0","0.9269487895112611","false","0","v51621","0","0.0"
"5.529175050301811","0.0","0.18085880640465793","0.0","1","8","false","v52167","51.0","0","1","0","0.9269487895112611","false","0","v52167","0","0.0"
"4.494969818913481","0.0","0.2224709042076992","0.0","1","8","false","v52374","41.0","0","1","0","0.9436295190497825","false","0","v52374","0","0.0"
"3.653923541247485","0.004246456835433623","0.2736784140969163","0.0","6","6","false","v52751","32.5","0","6","0","0.9571947815927825","false","0","v52751","79292","0.27631578947368424"
"5.529175050301811","0.0","0.18085880640465793","0.0","1","8","false","v53602","51.0","0","1","0","0.9269487895112611","false","0","v53602","0","0.0"
"5.529175050301811","0.0","0.18085880640465793","0.0","1","8","false","v53676","51.0","0","1","0","0.9269487895112611","false","0","v53676","0","0.0"
"4.527162977867203","0.013857066728687348","0.2208888888888889","0.0","2","8","false","v53701","46.5","0","2","0","0.943110274550529","false","0","v53701","168014","0.5112359550561798"
"4.881287726358149","0.0019352100118321322","0.20486397361912612","0.0","4","8","false","v53717","28.25","0","4","0","0.9373985850587395","false","0","v53717","44714","0.5240384615384616"
"5.094567404426559","8.595868523533833E-5","0.19628751974723538","0.0","2","8","false","v53746","36.5","0","2","0","0.9339585902511846","false","0","v53746","3606","0.8658536585365854"
"4.374245472837022","0.0","0.22861085556577737","0.0","1","6","false","v53755","45.0","0","1","0","0.9455766859219835","false","0","v53755","0","0.0"
"3.597585513078471","0.0033087696285098354","0.2779642058165548","0.0","5","6","false","v53805","42.0","0","5","0","0.9581034594664762","false","0","v53805","75558","0.31297709923664124"
"5.094567404426559","8.595868523533833E-5","0.19628751974723538","0.0","2","8","false","v53827","36.5","0","2","0","0.9339585902511846","false","0","v53827","3606","0.8658536585365854"
"4.366197183098592","3.3944351251026517E-4","0.2290322580645161","0.0","2","6","false","v54185","15.0","0","2","0","0.9457064970467969","false","0","v54185","5502","0.5185185185185185"
"4.241448692152917","0.01741414146965733","0.2357685009487666","0.0","5","7","false","v55647","26.0","0","5","0","0.9477185694814046","false","0","v55647","284370","0.3787878787878788"
"3.9919517102615694","4.916082266696152E-4","0.2505040322580645","0.0","2","6","false","v55649","33.0","0","2","0","0.9517427143506199","false","0","v55649","6560","0.5245901639344263"
"5.086519114688128","2.1576941202969293E-4","0.1965981012658228","0.0","3","8","false","v55652","32.333333333333336","0","3","0","0.9340884013759979","false","0","v55652","8342","0.746031746031746"
"5.086519114688128","2.1576941202969293E-4","0.1965981012658228","0.0","3","8","false","v55659","32.333333333333336","0","3","0","0.9340884013759979","false","0","v55659","8342","0.746031746031746"
"5.086519114688128","2.1576941202969293E-4","0.1965981012658228","0.0","3","8","false","v55668","32.333333333333336","0","3","0","0.9340884013759979","false","0","v55668","8342","0.746031746031746"
"4.406438631790745","0.0014776706429721464","0.22694063926940639","0.0","2","8","false","v55676","28.5","0","2","0","0.94505744142273","false","0","v55676","20186","0.5092592592592593"
"4.164989939637827","1.7793544655500315E-4","0.2400966183574879","0.0","2","6","false","v55700","25.5","0","2","0","0.9489517751671318","false","0","v55700","3980","0.5104166666666666"
"5.086519114688128","2.1576941202969293E-4","0.1965981012658228","0.0","3","8","false","v55704","32.333333333333336","0","3","0","0.9340884013759979","false","0","v55704","8342","0.746031746031746"
"3.943661971830986","8.884647776847712E-4","0.25357142857142856","0.0","3","6","false","v55712","36.333333333333336","0","3","0","0.9525215810995002","false","0","v55712","17538","0.43621399176954734"
"4.104627766599598","6.921485825648459E-5","0.24362745098039215","0.0","2","6","false","v55719","40.5","0","2","0","0.9499253586032322","false","0","v55719","2312","0.6370967741935484"
"5.529175050301811","0.0","0.18085880640465793","0.0","1","8","false","v55932","51.0","0","1","0","0.9269487895112611","false","0","v55932","0","0.0"
"5.826961770623742","0.0","0.1716160220994475","0.0","1","8","false","v56039","6.0","0","1","0","0.9221457778931655","false","0","v56039","0","0.0"
"4.676056338028169","5.164731928873158E-4","0.21385542168674698","0.0","3","8","false","v56201","10.0","0","3","0","0.9407087687414811","false","0","v56201","3590","0.42857142857142855"
"5.529175050301811","0.0","0.18085880640465793","0.0","1","8","false","v56210","51.0","0","1","0","0.9269487895112611","false","0","v56210","0","0.0"
"3.51307847082495","0.0034882291753248096","0.28465063001145474","0.0","5","6","false","v56242","40.6","0","5","0","0.959466476277017","false","0","v56242","71854","0.3504424778761062"
"5.529175050301811","0.0","0.18085880640465793","0.0","1","8","false","v56931","51.0","0","1","0","0.9269487895112611","false","0","v56931","0","0.0"
"4.3420523138833","3.5430670086861925E-4","0.2303058387395737","0.0","2","6","false","v57734","13.0","0","2","0","0.9460959304212371","false","0","v57734","4746","0.5217391304347826"
"4.724346076458753","0.0","0.2116695059625213","0.0","1","8","false","v57775","42.0","0","1","0","0.9399299019926007","false","0","v57775","0","0.0"
"5.529175050301811","0.0","0.18085880640465793","0.0","1","8","false","v57780","51.0","0","1","0","0.9269487895112611","false","0","v57780","0","0.0"
"5.529175050301811","0.0","0.18085880640465793","0.0","1","8","false","v57838","51.0","0","1","0","0.9269487895112611","false","0","v57838","0","0.0"
"5.086519114688128","2.1576941202969293E-4","0.1965981012658228","0.0","3","8","false","v58518","32.333333333333336","0","3","0","0.9340884013759979","false","0","v58518","8342","0.746031746031746"
"4.527162977867203","0.013857066728687348","0.2208888888888889","0.0","2","8","false","v58529","46.5","0","2","0","0.943110274550529","false","0","v58529","168014","0.5112359550561798"
"5.529175050301811","0.0","0.18085880640465793","0.0","1","8","false","v58855","51.0","0","1","0","0.9269487895112611","false","0","v58855","0","0.0"
"5.086519114688128","2.1576941202969293E-4","0.1965981012658228","0.0","3","8","false","v59691","32.333333333333336","0","3","0","0.9340884013759979","false","0","v59691","8342","0.746031746031746"
"5.086519114688128","2.1576941202969293E-4","0.1965981012658228","0.0","3","8","false","v59703","32.333333333333336","0","3","0","0.9340884013759979","false","0","v59703","8342","0.746031746031746"
"5.826961770623742","0.0","0.1716160220994475","0.0","1","8","false","v59934","6.0","0","1","0","0.9221457778931655","false","0","v59934","0","0.0"
"5.094567404426559","8.595868523533833E-5","0.19628751974723538","0.0","2","8","false","v60217","36.5","0","2","0","0.9339585902511846","false","0","v60217","3606","0.8658536585365854"
"5.529175050301811","0.0","0.18085880640465793","0.0","1","8","false","v60239","51.0","0","1","0","0.9269487895112611","false","0","v60239","0","0.0"
"4.881287726358149","0.0019352100118321322","0.20486397361912612","0.0","4","8","false","v60336","28.25","0","4","0","0.9373985850587395","false","0","v60336","44714","0.5240384615384616"
"6.144869215291751","0.0","0.1627373935821873","0.0","1","9","false","v60743","24.0","0","1","0","0.9170182384630363","false","0","v60743","0","0.0"
"5.086519114688128","2.1576941202969293E-4","0.1965981012658228","0.0","3","8","false","v60774","32.333333333333336","0","3","0","0.9340884013759979","false","0","v60774","8342","0.746031746031746"
"5.529175050301811","0.0","0.18085880640465793","0.0","1","8","false","v63320","51.0","0","1","0","0.9269487895112611","false","0","v63320","0","0.0"
"3.9114688128772634","0.003257820349078867","0.25565843621399176","0.0","2","6","false","v65653","50.0","0","2","0","0.9530408255987539","false","0","v65653","61148","0.5384615384615384"
"5.529175050301811","0.0","0.18085880640465793","0.0","1","8","false","v65992","51.0","0","1","0","0.9269487895112611","false","0","v65992","0","0.0"
"3.323943661971831","0.014487664142950456","0.3008474576271186","0.0","6","6","false","v67445","44.666666666666664","0","6","0","0.9625170377101318","false","0","v67445","186084","0.2911111111111111"
"5.086519114688128","2.1576941202969293E-4","0.1965981012658228","0.0","3","8","false","v67994","32.333333333333336","0","3","0","0.9340884013759979","false","0","v67994","8342","0.746031746031746"
"5.529175050301811","0.0","0.18085880640465793","0.0","1","8","false","v69341","51.0","0","1","0","0.9269487895112611","false","0","v69341","0","0.0"
"5.529175050301811","0.0","0.18085880640465793","0.0","1","8","false","v72215","51.0","0","1","0","0.9269487895112611","false","0","v72215","0","0.0"
"5.545271629778672","0.0","0.18033381712626995","0.0","1","8","false","v72670","40.0","0","1","0","0.9266891672616343","false","0","v72670","0","0.0"
"4.132796780684105","0.0011614259640355107","0.24196689386562803","0.0","3","6","false","v73881","15.0","0","3","0","0.9494710196663855","false","0","v73881","15146","0.3783783783783784"
"4.503018108651911","0.0","0.22207327971403037","0.0","1","7","false","v74066","26.0","0","1","0","0.9434997079249691","false","0","v74066","0","0.0"
"4.185110663983903","8.326607079357603E-4","0.2389423076923077","0.0","2","7","false","v74384","33.5","0","2","0","0.9486272473550983","false","0","v74384","17018","0.5241935483870968"
"4.0523138832997985","0.0021307156285068755","0.246772591857001","0.0","4","7","false","v76738","18.5","0","4","0","0.9507691309145194","false","0","v76738","23268","0.28225806451612906"
"3.7706237424547284","0.05258101205494618","0.26520811099252933","0.0","7","6","false","v78183","20.0","0","7","0","0.9553125202829882","false","0","v78183","369668","0.15702479338842976"
"4.768611670020121","0.0","0.20970464135021094","0.0","1","7","false","Clostridia_unclassified_SGB4447","7.0","0","1","0","0.939215940806127","false","0","Clostridia_unclassified_SGB4447","0","0.0"
"5.529175050301811","0.0","0.18085880640465793","0.0","1","8","false","v80204","51.0","0","1","0","0.9269487895112611","false","0","v80204","0","0.0"
"5.086519114688128","2.1576941202969293E-4","0.1965981012658228","0.0","3","8","false","v81135","32.333333333333336","0","3","0","0.9340884013759979","false","0","v81135","8342","0.746031746031746"
"3.7062374245472838","0.007122166677658124","0.2698154180238871","0.0","3","6","false","v82595","48.333333333333336","0","3","0","0.9563510092814954","false","0","v82595","120598","0.41887905604719766"
"4.169014084507042","0.0","0.23986486486486489","0.0","1","6","false","v00093","39.0","0","1","0","0.9488868696047251","false","0","v00093","0","0.0"
"5.2716297786720325","0.0","0.1896946564885496","0.0","1","8","false","v00511","4.0","0","1","0","0.9311027455052897","false","0","v00511","0","0.0"
"3.436619718309859","0.02061336640104189","0.29098360655737704","0.0","12","6","false","v01015","29.083333333333332","0","12","0","0.9606996819627442","false","0","v01015","449396","0.18002136752136752"
"4.494969818913481","0.0","0.2224709042076992","0.0","1","8","false","v01020","41.0","0","1","0","0.9436295190497825","false","0","v01020","0","0.0"
"3.3883299798792756","0.036023120682459324","0.29513064133016625","0.0","10","6","false","v02092","36.0","0","10","0","0.9614785487116246","false","0","v02092","403740","0.21739130434782608"
"4.237424547283702","0.0","0.23599240265906934","0.0","1","7","false","v02096","46.0","0","1","0","0.9477834750438112","false","0","v02096","0","0.0"
"3.4285714285714284","0.008432577121411171","0.2916666666666667","0.0","7","6","false","v02468","38.42857142857143","0","7","0","0.9608294930875576","false","0","v02468","140920","0.279317697228145"
"3.7062374245472838","0.0017837782174336223","0.2698154180238871","0.0","5","6","false","v02532","38.8","0","5","0","0.9563510092814954","false","0","v02532","38512","0.35"
"3.6579476861167004","0.0011668443279986664","0.2733773377337734","0.0","3","6","false","v02627","56.666666666666664","0","3","0","0.9571298760303758","false","0","v02627","27362","0.4348958333333333"
"1.8","0.0","0.5555555555555556","0.0","1","2","false","v03499","5.0","0","1","0","0.8400000000000001","false","0","v03499","0","0.0"
"3.790744466800805","4.0128586838383433E-4","0.2638004246284501","0.0","3","6","false","v03936","45.666666666666664","0","3","0","0.9549879924709548","false","0","v03936","9846","0.48028673835125446"
"4.885311871227364","1.57587795905579E-4","0.20469522240527185","0.0","2","8","false","v04285","12.5","0","2","0","0.9373336794963328","false","0","v04285","1732","0.5476190476190477"
"4.47887323943662","0.0","0.2232704402515723","0.0","1","6","false","v04683","45.0","0","1","0","0.9438891412994093","false","0","v04683","0","0.0"
"4.503018108651911","0.0","0.22207327971403037","0.0","1","7","false","v05458","26.0","0","1","0","0.9434997079249691","false","0","v05458","0","0.0"
"3.5774647887323945","0.010783200991621143","0.2795275590551181","0.0","4","6","false","v05470","45.0","0","4","0","0.9584279872785098","false","0","v05470","174636","0.3333333333333333"
"5.529175050301811","0.0","0.18085880640465793","0.0","1","8","false","v05503","51.0","0","1","0","0.9269487895112611","false","0","v05503","0","0.0"
"5.050301810865191","0.0","0.19800796812749005","0.0","1","8","false","v06675","16.0","0","1","0","0.9346725514376582","false","0","v06675","0","0.0"
"5.054325955734407","0.001950498299927286","0.19785031847133758","0.0","2","8","false","v00097","6.0","0","2","0","0.9346076458752515","false","0","v00097","19970","0.5"
"4.724346076458753","0.0","0.2116695059625213","0.0","1","8","false","v01006","42.0","0","1","0","0.9399299019926007","false","0","v01006","0","0.0"
"4.724346076458753","0.0","0.2116695059625213","0.0","1","8","false","v03311","42.0","0","1","0","0.9399299019926007","false","0","v03311","0","0.0"
"5.014084507042254","0.0","0.199438202247191","0.0","1","8","false","v05449","14.0","0","1","0","0.9352567014993185","false","0","v05449","0","0.0"
"3.9114688128772634","0.003257820349078867","0.25565843621399176","0.0","2","6","false","v08465","50.0","0","2","0","0.9530408255987539","false","0","v08465","61148","0.5384615384615384"
"5.134808853118712","0.0","0.19474921630094044","0.0","1","8","false","v09641","9.0","0","1","0","0.9333095346271175","false","0","v09641","0","0.0"
"4.724346076458753","0.0","0.2116695059625213","0.0","1","8","false","v11239","42.0","0","1","0","0.9399299019926007","false","0","v11239","0","0.0"
"4.985915492957746","0.0","0.20056497175141244","0.0","1","8","false","v11263","20.0","0","1","0","0.9357110404361654","false","0","v11263","0","0.0"
"4.724346076458753","0.0","0.2116695059625213","0.0","1","8","false","v11804","42.0","0","1","0","0.9399299019926007","false","0","v11804","0","0.0"
"3.9114688128772634","0.003257820349078867","0.25565843621399176","0.0","2","6","false","v12615","50.0","0","2","0","0.9530408255987539","false","0","v12615","61148","0.5384615384615384"
"4.985915492957746","0.0","0.20056497175141244","0.0","1","8","false","v14781","20.0","0","1","0","0.9357110404361654","false","0","v14781","0","0.0"
"5.050301810865191","0.0","0.19800796812749005","0.0","1","8","false","v17513","5.0","0","1","0","0.9346725514376582","false","0","v17513","0","0.0"
"6.27364185110664","0.0","0.159397049390635","0.0","1","8","false","v22045","3.0","0","1","0","0.914941260466022","false","0","v22045","0","0.0"
"4.0523138832997985","7.692015185395876E-4","0.246772591857001","0.0","4","6","false","v44677","15.0","0","4","0","0.9507691309145194","false","0","v44677","11564","0.34146341463414637"
"4.724346076458753","0.0","0.2116695059625213","0.0","1","8","false","v50317","42.0","0","1","0","0.9399299019926007","false","0","v50317","0","0.0"
"4.985915492957746","0.0","0.20056497175141244","0.0","1","8","false","v50319","20.0","0","1","0","0.9357110404361654","false","0","v50319","0","0.0"
"4.985915492957746","0.0","0.20056497175141244","0.0","1","8","false","v53776","20.0","0","1","0","0.9357110404361654","false","0","v53776","0","0.0"
"4.724346076458753","0.0","0.2116695059625213","0.0","1","8","false","v55784","42.0","0","1","0","0.9399299019926007","false","0","v55784","0","0.0"
"4.724346076458753","0.0","0.2116695059625213","0.0","1","8","false","v62546","42.0","0","1","0","0.9399299019926007","false","0","v62546","0","0.0"
"4.724346076458753","0.0","0.2116695059625213","0.0","1","8","false","v65088","42.0","0","1","0","0.9399299019926007","false","0","v65088","0","0.0"
"4.724346076458753","0.0","0.2116695059625213","0.0","1","8","false","v74229","42.0","0","1","0","0.9399299019926007","false","0","v74229","0","0.0"
"4.016096579476861","6.981536733423779E-4","0.24899799599198397","0.0","2","6","false","v01056","45.5","0","2","0","0.9513532809761797","false","0","v01056","10572","0.5632911392405063"
"4.494969818913481","0.0","0.2224709042076992","0.0","1","8","false","v14049","41.0","0","1","0","0.9436295190497825","false","0","v14049","0","0.0"
"4.7847082494969815","0.004024144869215292","0.20899915895710683","0.0","2","8","false","v51377","6.5","0","2","0","0.9389563185565003","false","0","v51377","43216","0.5"
"5.782696177062374","0.0","0.17292971468336812","0.0","1","9","false","Butyricicoccus_sp_AM29_23AC","2.0","0","1","0","0.922859739079639","false","0","Butyricicoccus_sp_AM29_23AC","0","0.0"
"4.466800804828974","0.0","0.22387387387387386","0.0","1","8","false","v60224","33.0","0","1","0","0.9440838579866294","false","0","v60224","0","0.0"
"4.040241448692153","8.0253199819081E-5","0.24750996015936255","0.0","2","6","false","v62283","39.0","0","2","0","0.9509638476017395","false","0","v62283","2242","0.5757575757575758"
"3.7987927565392354","7.895124661455866E-4","0.2632415254237288","0.0","5","6","false","v02300","36.2","0","5","0","0.9548581813461413","false","0","v02300","31976","0.3868131868131868"
"4.985915492957746","0.0","0.20056497175141244","0.0","1","8","false","v04568","20.0","0","1","0","0.9357110404361654","false","0","v04568","0","0.0"
"4.985915492957746","0.0","0.20056497175141244","0.0","1","8","false","v09984","20.0","0","1","0","0.9357110404361654","false","0","v09984","0","0.0"
"4.985915492957746","0.0","0.20056497175141244","0.0","1","8","false","v10243","20.0","0","1","0","0.9357110404361654","false","0","v10243","0","0.0"
"4.044265593561368","1.363092404393782E-4","0.2472636815920398","0.0","3","6","false","v10425","37.666666666666664","0","3","0","0.9508989420393328","false","0","v10425","3248","0.502283105022831"
"3.613682092555332","0.008754532305615202","0.27672605790645877","0.0","9","6","false","v10890","37.0","0","9","0","0.9578438372168495","false","0","v10890","164182","0.225"
"3.7987927565392354","7.895124661455866E-4","0.2632415254237288","0.0","5","6","false","v10900","36.2","0","5","0","0.9548581813461413","false","0","v10900","31976","0.3868131868131868"
"3.7987927565392354","7.895124661455866E-4","0.2632415254237288","0.0","5","6","false","v11253","36.2","0","5","0","0.9548581813461413","false","0","v11253","31976","0.3868131868131868"
"3.7987927565392354","7.895124661455866E-4","0.2632415254237288","0.0","5","6","false","v14263","36.2","0","5","0","0.9548581813461413","false","0","v14263","31976","0.3868131868131868"
"4.985915492957746","0.0","0.20056497175141244","0.0","1","8","false","v31935","20.0","0","1","0","0.9357110404361654","false","0","v31935","0","0.0"
"4.985915492957746","0.0","0.20056497175141244","0.0","1","8","false","v39992","20.0","0","1","0","0.9357110404361654","false","0","v39992","0","0.0"
"4.237424547283702","0.0","0.23599240265906934","0.0","1","7","false","v50350","46.0","0","1","0","0.9477834750438112","false","0","v50350","0","0.0"
"4.885311871227364","1.57587795905579E-4","0.20469522240527185","0.0","2","8","false","v61023","12.5","0","2","0","0.9373336794963328","false","0","v61023","1732","0.5476190476190477"
"3.7987927565392354","7.895124661455866E-4","0.2632415254237288","0.0","5","6","false","v61447","36.2","0","5","0","0.9548581813461413","false","0","v61447","31976","0.3868131868131868"
"4.985915492957746","0.0","0.20056497175141244","0.0","1","8","false","v78140","20.0","0","1","0","0.9357110404361654","false","0","v78140","0","0.0"
"4.0804828973843055","3.795525740922755E-4","0.24506903353057202","0.0","3","6","false","v80449","17.0","0","3","0","0.9503147919776724","false","0","v80449","7032","0.43243243243243246"
"4.152917505030181","1.198958056865859E-4","0.24079457364341086","0.0","2","6","false","v01320","51.5","0","2","0","0.949146491854352","false","0","v01320","2588","0.6558441558441559"
"4.724346076458753","0.0","0.2116695059625213","0.0","1","8","false","v05850","42.0","0","1","0","0.9399299019926007","false","0","v05850","0","0.0"
"6.181086519114688","0.0","0.16178385416666669","0.0","1","8","false","v28462","8.0","0","1","0","0.9164340884013761","false","0","v28462","0","0.0"
"4.7645875251509056","0.0","0.20988175675675674","0.0","1","8","false","v43508","15.0","0","1","0","0.9392808463685337","false","0","v43508","0","0.0"
"3.9839034205231387","0.01154342468847156","0.251010101010101","0.0","2","6","false","v52946","26.5","0","2","0","0.9518725254754332","false","0","v52946","57908","0.5"
"4.724346076458753","0.0","0.2116695059625213","0.0","1","8","false","v64025","42.0","0","1","0","0.9399299019926007","false","0","v64025","0","0.0"
