name	SRR6066071	SRR6066072	SRR6066073	SRR6066074	SRR6066075	SRR6066076	SRR6066077	SRR6066078	SRR6066079	SRR6066080	SRR6066081	SRR6066082	SRR6066083	SRR6066084	SRR6066085	SRR6066086	SRR6066087	SRR6066088	SRR6066089	SRR6066090	SRR6066091	SRR6066092	SRR6066093	SRR6066094	SRR6066095	SRR6066096	SRR6066097	SRR6066098	SRR6066099	SRR6066100	SRR6066101	SRR6066102	SRR6066103	SRR6066104	SRR6066105	SRR6066106	SRR6066107	SRR6066108	SRR6066109	SRR6066110	SRR6066111	SRR6066112	SRR6066113	SRR6066114	SRR6066115	SRR6066116	SRR6066117	SRR6066137	SRR6066138	SRR6066139	SRR6066141	SRR6066142	SRR6066143	SRR6066144	SRR6066145	SRR6066146	SRR6066147	SRR6066148	SRR6066149	SRR6066150	SRR6066151	SRR6066152	SRR6066153	SRR6066154	SRR6066155	SRR6066156	SRR6066157	SRR6066168	SRR6066169	SRR6066170	SRR6066171	SRR6066172	SRR6066173	SRR6066174	SRR6066175	SRR6066176	SRR6066177
unknown	91.14938268223138	88.6206213456948	89.98151465871288	92.37984883527827	91.07989129522083	90.83091916538817	85.18664923099412	87.8497491826166	91.75056969267922	88.57562891362352	93.53156963409384	83.24420182800445	90.24763590189067	94.00441319161406	90.52714187237163	84.04788910161994	88.68535778662802	82.78145235339709	89.25257178885326	88.71776784178766	93.0787503524432	89.66590185948345	91.53780596244334	94.9413630950839	88.33182744015356	95.42143597827334	78.50705420961816	91.27280624042129	92.68266371762142	94.25291203005169	94.48730651979234	81.49699073438848	88.36600118908417	87.66541352001667	89.52971640387621	88.59413648821662	89.93540233166902	94.0792576015445	92.18240337031868	81.6494655412116	87.9099252389474	89.41515018150008	75.05415431795588	93.82799046388915	90.36410092402423	94.64742207824189	90.41420458078582	90.6181410017556	86.40070422810729	87.17708472090895	89.61857890798044	89.85530909247302	91.49214401894154	86.75216429720123	90.41841646137145	89.51068897112782	85.73969970465572	89.50391184312788	89.12704042345159	91.35911459983872	89.68969727959649	89.34166087232374	89.47009733407026	92.75814846043058	83.42436359018906	89.82067313394812	91.50085830130125	90.92869741897364	87.95191742364747	93.04307516516106	92.75508043014538	92.8678339549915	85.89631045269819	91.82124872347467	89.04022337458981	84.95624761610902	90.2333653570549
Microviridae	3.659243497466966	5.580537210869263	4.55170417199489	3.9319457702191674	2.841567269756648	3.7359437505757747	9.430173844289143	5.701193236344935	2.180686194013831	5.806932380036246	2.8238233390326477	12.843901846024929	4.297090652259347	2.160230482285711	6.450754294002988	9.00354146264057	6.115684232798813	2.847899549274939	6.553148781026921	4.949943371455931	1.3352896116843076	5.941388308300929	4.725626767213085	2.360778670269923	5.887697950039238	1.746966416255858	17.650980042303257	3.9496135900518703	3.9376840855765862	1.4530673090711306	1.6865116996744716	9.899892131536259	3.8676642683903304	5.9848315569132415	3.506091705119456	5.8106394663139245	5.59432576842413	2.7130608081731458	2.440806822954841	3.731908561127532	10.191783495403298	7.330128094650392	16.382447981528667	2.4871092719025385	3.4255807847593864	2.7146061953696217	7.435822723933281	4.072812989963759	7.724511655276323	7.514566078364742	8.140619119583636	4.123368741077871	4.283017435622325	6.020917920992175	3.3848703308534844	2.0535770788264753	10.01702434940543	6.53986178991297	3.926854475199981	2.0549658151183037	3.7575324891441233	5.9238311277148865	5.320317416267391	2.4443129966112562	5.995422974405034	2.7363795917089804	5.435023570944846	5.821941858601899	5.919394031872199	1.793601833890454	0.9167161862741756	2.3399118117998223	3.4890979851661115	5.054515145487966	3.4325086563141793	1.2288768282490552	2.979549537415136
Winoviridae	3.0547137728539955	4.3031040479350775	2.155837655561191	1.759363474190531	3.1231059814527797	1.5215133082058052	1.5100748982539374	3.3471734891670604	3.132517449767074	1.9628395851107432	2.110659998919569	3.0599643240205463	3.4978135197852462	1.8976537626085577	1.9644154105348361	2.430061271031118	2.5577098212996687	2.7307769524421692	2.586161965108416	2.1941223381118484	0.6073385779130509	3.5769718351878175	2.9212918883078536	1.1007680068465935	4.07047811221947	1.2123590439680785	2.337226206164941	1.9354039813980992	1.3979458943080563	0.6313750665562536	1.3102473990253516	1.4452009935027395	5.4404480555165895	1.6082631573783772	2.5248917488625975	1.0471820452323215	2.5169904036594	2.2090486775579	0.3401700918240335	2.285168351397844	1.6897153354479575	1.3963780511403694	7.9916079784420795	1.4192956599783169	3.4545968545452004	1.499606171815791	1.4549734107194026	2.2222029920537625	1.141329095964133	3.168213902930816	1.390431080236273	2.3440150755959603	2.08958643721185	3.105228544236358	1.228412172119697	0.8167412804093845	3.6738543313489895	1.9562288122797036	1.5484565634317344	2.635338064244017	2.065017912969535	2.6621483778294612	3.060659260012787	3.684143483548769	2.337733110098221	3.2503473108815806	2.5481473129959027	1.689198590616707	1.2665566871907483	0.9523956061044814	0.6806895774712417	1.9255768471062864	2.8121693790358293	1.6650816157140622	2.373873356799154	0.7553530760860223	1.2387413975334083
Peduoviridae	0.852958147194604	0.07728564265122286	0.8150994773972711	0.0140109638596182	0.5884951690058408	0.03014742346857762	0.12577159082982978	0.22146192177089577	0.3007646410115593	0.834828930976466	0.00562031398889779	0.06637986510544724	0.1621533283197122	0.5988867366125227	0.0753422330928473	2.710442975168864	0.10131637681804789	0.40689922012506163	0.06066622528165888	1.1008725334532383	1.7619304373250262	0.00755868822155234	0.015963060020179512	0.01790792561511904	0.067083929518119	0.03500932215311863	0.11465981337305903	0.9711685077356365	0.00245593621505812	1.5471047219646858	0.04459331653569829	0.00830260562832547	0.33018105012320825	0.00256458262084379	1.5633654392277245	0.8661540275642832	0.24058944936954993	0.03047808839471709	1.4986211015977533	0.09541932868308425	0.00201295284915579	1.228411317093567	0.15418339543563506	0.03409550738383662	0.13247311910716913	0.0	0.00576238562342002	0.5526230134805238	0.2574312695329297	0.1365766459915275	0.0	2.3507879269695366	0.5477491829406737	1.9299165691752274	2.5166840751719337	0.0471069044838046	0.0	0.3135915250279154	0.6601408237115457	2.6320009263476503	2.88988881295846	0.11459272142721101	0.3396289404358001	0.1836477881505317	1.87463128386979	0.24829993708832288	0.21229221618748748	0.478996239864088	0.00332857811907956	0.0742597859447178	2.200320381467783	0.45426496109381387	0.22299990692943591	0.04395240210304703	0.08519461955562095	1.7942241777833257	3.9416577621497804
Herelleviridae	0.46390491099824493	0.5160151183599695	0.30921728624759404	0.14183021441050525	0.38854647481875404	3.0278202033594797	3.083452070553512	0.2556871729276961	0.8240587894183103	0.48358419531823665	0.3372097604799635	0.05670400447382022	0.7034918368421675	0.25935167359801253	0.48701424453123454	0.33388487225224733	0.5404897551039433	0.036284222544604366	0.06051509216734155	0.5603610712778476	0.898749316706185	0.29822896930299186	0.2887651081303144	0.7732698439085236	0.2674987849727945	0.5293082158954965	0.3663521941399725	0.5739390332482702	0.17801286693167462	0.9486542173921995	0.7454798912597765	0.9885980163253222	0.6413562778123936	0.5956453950473134	1.6471098611142967	0.2631689667939623	0.48477789951145384	0.27449869983634495	0.12336129474575852	0.3237729060162647	0.09964202996402169	0.09576781742508206	0.07370885179894157	0.6721972457114165	0.5403671559700158	0.2175741424137119	0.17395217406740787	0.6662758168834162	0.3275211686399098	0.31121913660903666	0.04659123901415056	0.00723110635029472	0.18204439610281675	0.244928362890296	0.00570590593473293	3.345202127384404	0.07726808042362837	0.3363923579141317	1.2105447012025417	0.5021173311429865	0.4409523548332966	0.7143119472868812	0.3655106849153487	0.22635363655012278	0.652445000553735	1.839006423686893	0.05910437085222503	0.3780109999330786	0.3416100897192552	1.6793101860593314	1.086969045355808	0.7811213121096047	4.024467233988102	0.5895753111572577	1.6008891041804154	0.521277899558965	0.3473138780887913
Autographiviridae	0.09083248706766536	0.00296603475228202	0.0	0.0767304837515224	0.06957800473518724	0.00235079771903324	0.15778586180035514	0.01703522594398172	0.01079086215089231	0.07871123599478887	0.2159127805451807	0.053663327685134474	0.09309325735016855	0.06837786145485178	0.08426280070894612	0.0099940998718672	0.0884584364239724	0.6307107370017856	0.23254045303512558	0.1510523658560087	0.02039763893802118	0.2497461565962575	0.013415581508559	0.0	0.029123662120060796	0.02473838080188659	0.02353494575308639	0.02429225863316878	0.07967815763453823	0.01971010085845476	0.00427932668009301	0.0	0.03176650431845027	0.0171415073605553	0.18342405201675327	0.04460589050284143	0.055834345455041734	0.0	0.0	0.04826803124892251	0.0	0.07909611401745006	0.0	0.06862075690734042	0.04983918936059844	0.0209500691001332	0.0245913220551258	0.10060960341321784	0.08191600587333599	0.0829776749478201	0.0	0.0101137237438944	0.07735042224208451	0.03546375697535693	0.10343619393013581	0.00913543083727418	0.0	0.1850994698170489	0.0112113627626668	0.05954359693553647	0.04984296409098084	0.0110437103485851	0.0	0.24094920513628137	0.0	0.11454789596492973	0.023298622503705468	0.02663185602945604	3.7107741735833524	0.0112658174976311	0.023648800438435792	0.05012789080510175	0.07964487914669542	0.07719254388348633	0.0501088210315045	0.00920710594908084	0.08638653341958513
Aliceevansviridae	0.07632711531759412	0.2499013917180426	0.538165919326677	1.0409487303113054	0.4756038343004326	0.42911747059948974	0.1983557720748472	1.301174151345033	1.3139148234545124	0.2659417195706463	0.3364066123026329	0.24099984385398446	0.4030978988749287	0.5770461077761495	0.15367124219420258	0.03315423278291996	0.43323312521398377	0.06789800063064906	0.06965490935587872	0.23559755110298033	0.4751954838001787	0.14553151850860654	0.19436354541060544	0.590542877099626	0.7146484295909925	0.5224799224768307	0.7482908268887277	0.6628202915613806	0.2239987676911068	0.4621811675267684	1.008808693597472	5.685254392933659	0.2975184774150102	0.09638971798925178	0.12085105901606052	0.4652711795130867	0.6553155364842913	0.47968407222663284	1.0942370529938392	0.3202696809257621	0.062365832118118476	0.313358123161318	0.01787792802819495	0.7001434920403701	1.4702885602822366	0.7226223670014448	0.09182554843283237	1.2912844890882822	0.3358025524571147	0.16028590051752156	0.09471557153287431	0.10200217065749392	0.5906641695790946	0.21210030656336398	1.6971046680876498	0.2926962321265886	0.08871838874765316	0.9498054225679128	1.0110796521716492	0.23094429057728205	0.4485440861599271	0.34492147136827866	0.47805629201539207	0.19009759731362125	0.2877956636135286	0.781294652228981	0.15955144631631304	0.28218968158765256	0.11761020279915835	0.900506820791769	1.0163374070348852	0.9533553757492021	0.623222914208397	0.2940225928486274	0.5917194853105809	0.35710591252913926	0.18862350537445133
Drexlerviridae	0.18110604923430323	0.01061663660053449	0.0	0.0	0.00770714930543698	0.0	0.0	0.0	0.0	0.0	0.0	0.0	0.0	0.0	0.00546977134463262	0.2812226205914149	0.0	10.452492332417606	0.0	0.25571373618571214	0.03306029852732914	0.0	0.0	0.0	0.0	0.0	0.00266031918003225	0.009344085345444429	0.0	0.03385390126416346	0.0	0.0	0.0	0.0	0.0	0.0	0.0	0.0	0.0308565535648452	0.0	0.0	0.03287756164786847	0.0	0.0	0.0	0.0	0.0	0.0	0.0	0.0	0.0	0.0111565097712618	0.0	0.00993026816059404	0.00797691638886616	0.0	0.0	0.0737061597329429	0.02828094543033234	0.1654991427676131	0.0784955327095117	0.0	0.0	0.0	0.07528066512504417	0.0	0.0	0.0	0.0	0.0	0.05463985000378841	0.00678996435178422	0.0	0.0	0.0	0.0	0.02210112297055138
Casjensviridae	0.02573570479283428	0.0	0.0	0.0102043130006991	0.0	0.00259180255416634	0.0	0.0173556065232213	0.00302493603758321	0.00843204015957619	0.0512074275196788	0.0	0.0182622060638233	0.0105546798098395	0.0	0.03528561092491275	0.00593231004614296	0.00479210335081293	0.0294856422116612	0.00445777531418828	0.04382327062772519	0.0	0.0	0.0	0.00347341738359215	0.0	0.0	0.00740955750919792	0.0	0.04193859387993038	0.00619256788723752	0.0	0.0	0.0	0.08804070462732008	0.022926413726919732	0.089627969710877	0.0395299804239177	0.0	0.0	0.0	0.01799101053637215	0.0	0.0	0.00768920909794322	0.0	0.0119961299248293	0.01008627973725441	0.01688028817878633	0.0	0.0	0.0019849101150498	0.0198165251025417	0.016435830072457	0.10377485110890478	0.00555220958643331	0.0103579986227003	0.0	0.016842476978710268	0.052426827503698745	0.08615284573427545	0.0	0.0	0.0	0.0239698641508507	0.0	0.00393884907239683	0.0138044818572847	0.0	0.00464417335937659	0.0212367433264836	0.0	0.0153324975167477	0.0	0.02563204866440148	0.02033788596504385	0.09838542014255397
Fervensviridae	0.00681319370747914	0.0	0.0	0.00875894339955028	0.00948473583848299	0.0	0.0	0.0	0.00329897703673404	0.01598751259933	0.00696777500094157	0.0	0.00567861254522759	0.0	0.0	0.0	0.00352470386224411	0.0	0.0	0.0	0.0235393159821386	0.0	0.00626116835428603	0.00872264125597907	0.00392974031782756	0.00509451981565947	0.0	0.0115482464837754	0.0	0.0209992304774509	0.00462209394783591	0.0	0.0	0.0	0.0	0.0	0.0	0.00301503681896845	0.0	0.00645868396466999	0.0	0.0	0.0	0.00990209019996871	0.00550961048520026	0.0	0.0	0.0	0.0	0.00344531217393018	0.00334050711062237	0.0	0.0087637263399534	0.0	0.0	0.0	0.0	0.0	0.00358795908354327	0.00945301825791999	0.00648724907317347	0.00765417881817041	0.0	0.00238626293530329	0.00315786784628486	0.00357055941245383	0.0	0.0	0.024378806119983	0.0034816665963847	0.0470100533136216	0.0	0.0	0.00418989312445923	0.0119390470273884	0.0	0.0097854718853747
Guelinviridae	0.08738542815393442	0.032630712480304386	0.127002031828814	0.0583042715689301	0.08277430715825745	0.126559788220081	0.1210185534297393	0.4063210603180988	0.0494123554373294	0.12505977772310883	0.0511549066544329	0.0	0.0307849440993786	0.022623335858286728	0.027805128349099012	0.0	0.09668065736269471	0.0333194706896453	0.0	0.09814358288242109	0.0501243698966564	0.0083775249107813	0.03568071304188749	0.005149478133524401	0.177946112032122	0.1177318378923952	0.027931866013545067	0.09594087449250323	1.009785452047921	0.0523301413656646	0.0565009090048674	0.359914615994456	0.053032709502584985	0.0	0.0684029476055063	0.0	0.09204625398380555	0.0134072275948601	0.0548816522523764	0.11302481840414635	0.028604734226076328	0.0	0.0	0.02353165260760752	0.0712493681732631	0.0	0.17581946452758748	0.0	0.06085204311050411	0.13646921672889412	0.0	0.02964017699928548	0.10098355864227543	0.058544431810863565	0.158363162953538	0.46082737184712347	0.0	0.0	0.10547987375435505	0.0319860277273486	0.03563573420337758	0.140562046525983	0.02462072550862384	0.0458085361011882	0.01845305066747993	0.1764158466671602	0.0140897170428	0.15929034187962746	0.01091021768070991	0.09724532104867953	0.035427740299852795	0.05840168257460063	0.12199723308851283	0.00975342963466208	0.09502306074288656	0.01600653991459903	0.130940917063481
Inoviridae	0.10988893874521713	0.1704429102990946	0.35921583743297236	0.12329623447249483	0.05539942051256916	0.03142041856025104	0.025718672605455482	0.19518185721171527	0.1537675699698479	0.11345901617523345	0.05942945808419141	0.4163199180343602	0.15770841497302276	0.057004407094335435	0.02693255631770132	0.24590613888145124	1.2756306039562382	0.00243744164043051	0.16230583270945376	0.11206432170123615	0.14797890261217936	0.07056317469992704	0.08245655242613045	0.13160178917106136	0.1273928142173831	0.1793333629218713	0.08281567961642264	0.0485662159233595	0.12869012136098812	0.1563836502308006	0.21942782603463262	0.0395231062863309	0.27560857889616014	0.03705871371051199	0.4063648749255647	0.10937559797981213	0.2177815712447068	0.047560570075059816	0.173674781273936	0.11545383704436579	0.00479882349698604	0.04602572789195815	0.17623043445363132	0.15311700262402228	0.2992483796520178	0.0897925858885019	0.07529664537765196	0.32717542318480664	0.07381899741827469	0.021309798091171638	0.08309283823557952	0.18443045063379157	0.10769795105864532	0.15061342253738685	0.12765024945239692	0.06631509310171045	0.18442563404965986	0.02747558537280812	0.3091260088001747	0.12377474666609263	0.3294261454730579	0.08733052727616361	0.27907732250693296	0.12272856557554156	0.13649140242171998	0.2789592232061138	0.026472610925937407	0.12722933589994276	0.12947123933313176	0.15470045171250135	0.26910618604340864	0.12043754547411555	0.1978189172376883	0.14102528583801296	0.1866466098197167	0.517937048051837	0.20556930636370604
Steigviridae	0.0656300147982962	0.0151004868990719	1.152330475106721	0.022829986732046	0.0116854165058035	0.0	0.0280790768411647	0.0364944891128482	0.0185753543043876	0.163661252789931	0.0523756928916303	0.0	0.00686330804870004	0.00758737865294044	0.0	0.09281760954285768	0.0103287028433064	0.0	0.0125429185268112	0.06430130194915448	0.0	0.0	0.00957602965761675	0.0	0.00559248256831563	0.0116533729639324	0.0	0.00434648928058911	0.0	0.0	0.04584871515119286	0.0	0.14283925144605752	0.7666073920702429	0.0155743533365456	0.04313291387354812	0.06639437205367761	0.0	0.0	0.00344680003308506	0.005637728909320201	0.0206000232105493	0.149789112356959	0.01761944318698758	0.024671325176081497	0.0	0.00264763256827594	0.0302470529195449	0.00621458050556329	0.0517506858371076	0.0	0.02025345157326115	0.0	0.00548680200232863	0.0	0.0132425143551486	0.0	0.0	0.0550072205260244	0.0	0.00529597448232931	0.18073384178278817	0.0675246997534603	0.0107797498503041	0.0	0.014738124397467519	0.0	0.0242798171144408	0.01599766300997993	0.0	0.0	0.0137477553637517	0.09498516202128728	0.00312832217156462	0.00988264532269359	0.00328698516107924	0.00478520549661165
Suoliviridae	0.1760780574375515	0.0528213441496117	0.0	0.4224606164443515	1.1738591988731661	0.253535727907956	0.02678613897841088	0.05223184212760207	0.09508616039837259	0.04191429116886067	0.07925529834720821	0.01296174358974316	0.08871464152399224	0.3161158598259253	0.00773709921957781	0.7162692155655737	0.05891506348047374	0.0	0.9753770804976366	0.37329600503751637	0.04467854008113784	0.0	0.07491207809882217	0.00301629463384034	0.10963542563687646	0.07002185617296428	0.04002839449012104	0.42896894609878894	0.2503508077164023	0.048280158154417156	0.0164075080627217	0.0	0.21864776752972845	0.256708093914205	0.278527549556522	0.44521490003589337	0.02604605661833998	0.077189189405772	0.0	9.26217927870602	0.00551382863760306	0.01205813883018354	0.0	0.48823868318857655	0.0537994422078245	0.0	0.00789435947989095	0.0912101134584776	0.09123129460008866	1.1155340397485787	0.00999171221596276	0.9557978220825334	0.3252767140213951	0.01808302235770393	0.04670087350220879	1.8545246641715212	0.20865151274606358	0.06042095473471372	0.5178181727521051	0.0610533279266557	0.09121987665480372	0.24424220957319717	0.08379874919852154	0.01796068483861727	5.128483233777651	0.05116069768544184	0.00682988041152705	0.013434175016941809	0.0153901793001477	0.00998265838843141	0.0943139316376759	0.09323299327483532	1.3234386582812059	0.05819836193440675	0.5842324255135053	0.00682859208198617	0.33522951479026
Duneviridae	0.0	0.00798765564332272	0.0	0.0	0.0	0.0	0.03094191499227394	0.0	0.0	0.0	0.0	0.0	0.00480049997663286	0.0	0.0	0.00521332023164607	0.0	0.0	0.0	0.0	0.0	0.0	0.0	0.0	0.0	0.0	0.0	0.0	0.0	0.00926191998149552	0.0	0.0	0.0	0.0	0.0	0.0	0.0	0.0	0.0	0.0431797174793388	0.0	0.0	0.0	0.00940622905401268	0.0	0.0	0.0	0.0	0.0	0.0683107845836518	0.0	0.0	0.0	0.00698390840263252	0.0	0.0	0.0	0.0	0.03158162653647338	0.0	0.0	0.0	0.0	0.0	0.0	0.0	0.0	0.0	0.0	0.00840936824996334	0.0	0.0	0.0	0.0314843445935509	0.0	0.0	0.0
Salasmaviridae	0.0	0.2530377262578727	0.0	0.009467162360904	0.00359336347918889	0.0	0.0	0.0	0.00729186862071237	0.06680465542694171	0.0	0.0	0.023886973553740972	0.0	0.0	0.0	0.00597647057527283	0.0	0.0	0.00813303625828568	0.0	0.0	0.0	0.0	0.07397339294381386	0.0	0.0	0.0	0.08562563533407819	0.0	0.02945892572152283	0.0	0.0	2.9541628800276056	0.0	2.026896601614191	0.0	0.0332700479478302	0.0	0.0	0.0	0.0	0.0	0.0	0.0	0.0	0.0	0.0	0.0	0.0	0.0	0.0	0.00328521428921523	0.00716250118867773	0.0	0.08903658961720683	0.0	0.0	0.02105538571775361	0.07454199515385215	0.0100268748235268	0.035004072440430106	0.03922898583150043	0.0	0.0	0.00258419318906729	0.0	0.0	0.0	0.25131974787070355	0.5915894876621923	0.0895020452883366	0.0	0.0	0.0	0.0	0.0
Retroviridae	0.0	0.07020180728884125	0.00328760932775748	0.0	0.05137988466393458	0.00437813459338301	0.04277275227464235	0.0	0.0088084832052075	0.01479081749754221	0.33209469596576735	0.0	0.0	0.0	0.1630946696172685	0.05431746889490288	0.0	0.00305798951471191	0.00502931122548775	1.1208399439478025	1.4155045012365368	0.0	0.0	0.0	0.0	0.0	0.0	0.0	0.0	0.27888919753104907	0.0	0.07632340340447168	0.061820080129240014	0.0	0.00669757270987438	0.2422280393889304	0.0	0.0	2.048763746766786	0.0	0.0	0.0	0.0	0.0	0.0	0.08742639016895688	0.12268346360715535	0.0	3.449469150562431	0.04751982438418519	0.30699737946416666	0.00390884195653251	0.04064615831274151	1.2785709981515219	0.05255462224554243	1.3631260177747389	0.0	0.0373284343325202	1.3198993740951814	0.0	0.0	0.00305202225780124	0.43159379862582825	0.0	0.0	0.0	0.0	0.0	0.0	0.0	0.09110367720266167	0.0	0.40235577755574303	0.11413189962853144	0.0	9.369605879198776	0.01577597770429163
Anaerodiviridae	0.0	0.036729928400378795	0.0	0.0	0.0	0.0	0.0	0.0	0.0	0.0	0.0	0.0	0.0	0.0	0.0	0.0	0.0	0.0	0.0	0.0	0.0	0.0	0.0	0.0	0.0	0.0	0.0	0.0	0.0	0.0	0.0	0.0	0.0	0.0	0.0	0.0	0.0	0.0	0.0	0.0	0.0	0.0	0.0	0.0	0.0	0.0	0.0	0.0	0.0	0.0	0.0	0.0	0.0	0.0	0.0	0.0	0.0	0.0	0.0	0.0	0.0	0.0	0.0	0.0	0.0	0.0	0.0	0.0	0.0	0.0	0.0	0.0	0.0	0.0	0.0	0.0	0.0
Metaviridae	0.0	0.0	0.00662487706315181	0.0	0.0	0.00370200884782285	0.0	0.00427398745075163	0.0	0.0	0.00631230617356034	0.0	0.0	0.0	0.0	0.0	0.0	0.0	0.0	0.00388690193169841	0.01664202967024899	0.0	0.0	0.0	0.0	0.0	0.0	0.0	0.01758029955337987	0.0	0.0	0.0	0.0	0.0	0.0	0.0	0.0	0.0	0.00370483168186447	0.0	0.0	0.0	0.0	0.0	0.0	0.0	0.0	0.0	0.0	0.0	0.0	0.0	0.0	0.0	0.0	0.00778094592166197	0.0	0.0	0.0	0.0	0.0	0.0	0.0	0.0	0.0	0.0	0.0	0.0	0.0	0.0	0.00785027623194645	0.0	0.0	0.0	0.0	0.0	0.0
Forsetiviridae	0.0	0.0	0.0	0.0	0.0182840089673447	0.0	0.0	0.0	0.0	0.0	0.0	0.0	0.0	0.0	0.0	0.0	0.0	0.0	0.0	0.0	0.0	0.0	0.0	0.0	0.0	0.0	0.0	0.0	0.0	0.0	0.0	0.0	0.0	0.0	0.0	0.0190674692437915	0.0	0.0	0.0	0.0	0.0	0.0	0.0	0.0	0.0	0.0	0.0	0.0	0.0121127419311737	0.0	0.0	0.0	0.0	0.0	0.0	0.0	0.0	0.0	0.0	0.0	0.0	0.0	0.0	0.0630290352485944	0.0	0.0	0.0	0.0	0.0	0.0	0.0	0.0	0.0	0.0	0.0	0.0	0.0
Phycodnaviridae	0.0	0.0	0.0	0.0	0.0190444854055209	0.0	0.0	0.0	0.00921199571893775	0.00999253206799835	0.0	0.00490329920750728	0.0715749423275252	0.0	0.0	0.0	0.0	0.0	0.0	0.0104528273491897	0.0	0.02250281985346185	0.0855903516655353	0.00230450906823703	0.025813025902137	0.0	0.00484934121280134	0.0	0.0	0.0	0.00513583299138794	0.0	0.0066544697269301	0.0	0.0	0.0	0.0133628055305819	0.0	0.0	0.0137068386578555	0.0	0.0	0.0	0.00561896596075553	0.0	0.0	0.0	0.0	0.0	0.0	0.00862384361549606	0.0	0.0	0.0190081738297629	0.0	0.0	0.0	0.00547149320619376	0.0749338567353245	0.0	0.0	0.166537390053162	0.0217785011235642	0.00439211534730755	0.0320055489201414	0.0189223295850207	0.0103931014456048	0.00244569653986281	0.0	0.3316830113399858	0.0	0.0	0.0153500090784813	0.0857808430383592	0.0	0.0	0.0
Circoviridae	0.0	0.0	0.0	0.0	0.0	0.0	0.02386441807474438	0.0	0.0062352711165343	0.0	0.0	0.0	0.00885900624755604	0.00385522533100381	0.0	0.0	0.0	0.0	0.0	0.00198178960868428	0.0051034573381557105	0.0	0.00322745354866023	0.0	0.0	0.0	0.05462134184233479	0.00383168181673353	0.00552825800865369	0.0	0.0105626715075114	0.0	0.00620057991670392	0.0	0.0	0.0	0.00607239106733663	0.0	0.0	0.00582621761281416	0.0	0.0	0.0	0.0	0.02295170207002339	0.0	0.00253015889765325	0.0	0.0	0.0047362781823554	0.0	0.0	0.0	0.009916180731202661	0.0	0.010119734400135291	0.0	0.0	0.0178013458879861	0.0	0.0	0.0	0.012549525641636	0.00526188236226612	0.00976674436142452	0.06487869315812766	0.0	0.0	0.0	0.00538409921723065	0.0	0.00585515807914785	0.0157144832343595	0.00671928536692381	0.01378049983065646	0.199451392962874	0.0
Nenyaviridae	0.0	0.0	0.0	0.0	0.0	0.0	0.0085552040078403	0.00736709574781601	0.0	0.00298533534374257	0.0	0.0	0.0	0.0	0.0	0.0	0.00374422819116105	0.0	0.0	0.0	0.0	0.0	0.0	0.0	0.0	0.0	0.0	0.0	0.0	0.0	0.0	0.0	0.0	0.0	0.0	0.0	0.0	0.0	0.0	0.0	0.0	0.0	0.0	0.0	0.0	0.0	0.0	0.0	0.0	0.0	0.0	0.0	0.0	0.0	0.0	0.0	0.0	0.0	0.0	0.0	0.0	0.0	0.0	0.0	0.0	0.0	0.0	0.0	0.0	0.0	0.0	0.0	0.0	0.0	0.0	0.0	0.0
Intestiviridae	0.0	0.0	0.0	0.0	0.0	0.0	0.0	0.5122805358667037	0.0	1.380861406390029	0.0	0.0	0.1641263554698424	0.01629929747783861	0.0	0.0	0.0	0.00197962697054908	0.0	0.0175404078026618	0.04189389521799714	0.0	0.0	0.00589976354366229	0.07493566793676654	0.11700996171991639	0.0	0.0	0.0	0.04305859369374707	0.29538624354742143	0.0	0.2115493421001421	0.0152134829515561	0.0609417280056462	0.0	0.0	0.0	0.0	1.9824514074867958	0.0	0.0	0.0	0.0	0.0	0.0	0.0	0.0	0.0	0.0	0.2970178010107483	0.0	0.0	0.00436802454752576	0.0	0.0	0.0	0.0038365537529792	0.0	0.0	0.0	0.0	0.0	0.0	0.0	0.4801182889123042	0.0	0.0131016064549319	0.0184530437842557	0.1767171420994727	0.0	0.23984070193822418	0.6176258374239051	0.0	1.8949464252722883	0.02048159941181919	0.1617890925474049
Crevaviridae	0.0	0.0	0.0	0.0	0.0	0.0	0.0	0.0750191455250331	0.0	0.0475844020269922	0.0	0.0	0.0	0.0	0.0	0.0	0.0	0.0	0.0	0.0	0.0	0.0	0.0	0.0	0.0	0.0	0.0	0.0	0.0	0.0	0.0	0.0	0.0	0.0	0.0	0.0	0.0	0.0	0.0	0.0	0.0	0.0	0.0	0.08311353536523	0.0776343750887696	0.0	0.0	0.0	0.0	0.0	0.0	0.0	0.0	0.01102508303943563	0.0	0.0	0.0	0.0	0.0	0.0	0.0	0.0	0.0	0.0	0.0	0.1121510335894273	0.0	0.04074789963057236	0.0	0.0	0.0	0.0	0.0271335005759149	0.0	0.0	0.03188857559836914	0.0
Straboviridae	0.0	0.0	0.0	0.0	0.0	0.0	0.0	0.0	0.119783660161557	0.0	0.0	0.0	0.0	0.0	0.0	0.0	0.0	0.0	0.0	0.01548037814070688	0.0	0.0	0.00506374017277445	0.0	0.0177590963224727	0.00685780868901735	0.0	0.0	0.0	0.0	0.014956542486896	0.0	0.0	0.0	0.0	0.0	0.0	0.0	0.00851870002531062	0.0	0.0	0.0	0.0	0.0	0.0	0.0	0.0	0.0173312240613195	0.020204927842140646	0.0	0.0	0.0	0.0	0.08622258798760848	0.082301457560143	0.00525321136454184	0.0	0.0	0.0	0.0	0.00316843699035514	0.0223734829734914	0.0	0.0	0.0	0.0059520646894069	0.0	0.0	0.0	0.0	0.0339180127906859	0.0	0.0116071927572391	0.0	0.0	0.04391120576565359	0.0
Mimiviridae	0.0	0.0	0.0	0.0	0.0	0.0	0.0	0.0	0.01220091549737029	0.0	0.0	0.0	0.0	0.0	0.0	0.0	0.0	0.0	0.0	0.0	0.0	0.0	0.0	0.0103249914307533	0.0111905161249045	0.0	0.0389948194035937	0.0	0.0	0.0	0.0082733170915539	0.0	0.00345169647876776	0.0	0.0	0.0	0.00543284521758086	0.0	0.0	0.0	0.0	0.0	0.0	0.0	0.0	0.0	0.0	0.0	0.0	0.0	0.0	0.0	0.0	0.0111140015453557	0.0660480593193875	0.0132417974220766	0.0	0.0068695982200844	0.00325775177020344	0.00724028979214516	0.0126154301027194	0.0	0.00555776409267268	0.0	0.0	0.0	0.0	0.0	0.0	0.502017144667862	0.0	0.0	0.0087279800561382	0.0	0.00339982002550852	0.054359417604061	0.0
Schitoviridae	0.0	0.0	0.0	0.0	0.0	0.0	0.0	0.0	0.0	0.0	0.0	0.0	0.01436369984813457	0.0	0.0263586777151099	0.0	0.01701772539533317	0.0	0.0	0.0	0.0	0.01322914493428789	0.0	0.048350113939635606	0.0	0.0	0.0	0.0	0.0	0.0	0.0	0.0	0.0452597016134249	0.0	0.0	0.0	0.0	0.0	0.0	0.0	0.0	0.01215783889476595	0.0	0.0	0.0	0.0	0.0	0.0	0.0	0.0	0.0	0.0	0.13097408959282741	0.00581500560086552	0.0	0.0358318252419603	0.0	0.0	0.0	0.0	0.0	0.0	0.0	0.0	0.0	0.0	0.0	0.0	0.4742076638406299	0.0	0.0740422133002525	0.0	0.0	0.0	0.0	0.02128442754660208	0.0
Poxviridae	0.0	0.0	0.0	0.0	0.0	0.0	0.0	0.0	0.0	0.0	0.0	0.0	0.0	0.0	0.0	0.0	0.0	0.0	0.0	0.00399091884521381	0.0	0.0	0.0	0.0	0.0	0.0	0.0	0.0	0.0	0.0	0.0	0.0	0.0	0.0	0.0	0.0	0.0	0.0	0.0	0.0	0.0	0.0	0.0	0.0	0.0	0.0	0.0	0.0	0.0	0.0	0.0	0.0	0.0	0.0	0.0	0.0	0.0	0.0	0.0	0.0	0.0	0.0	0.0	0.0	0.0	0.0	0.0	0.0	0.0	0.0	0.0	0.0	0.0	0.0	0.0	0.015469967164996	0.0
Bornaviridae	0.0	0.0	0.0	0.0	0.0	0.0	0.0	0.0	0.0	0.0	0.0	0.0	0.0	0.0	0.0	0.0	0.0	0.0	0.0	0.0	0.0	0.0	0.0	0.0	0.0	0.0	0.0	0.0	0.0	0.0	0.0	0.0	0.0	0.0	0.0	0.0	0.0	0.0	0.0	0.0	0.0	0.0	0.0	0.0	0.0	0.0	0.0	0.0	0.0	0.0	0.0	0.0	0.0	0.0	0.0	0.0	0.0	0.0	0.0	0.0	0.0	0.0	0.0	0.0	0.0	0.0	0.0	0.0	0.0	0.0	0.0	0.0	0.0	0.0	0.0	0.056857867307368026	0.0
